customer_id,tenure_months,monthly_charges,total_charges,contract_type,support_calls,churn
C00000,7,26.21,207.63,month,3,1
C00001,55,65.83,3756.93,year,5,1
C00002,47,32.9,1388.49,year,0,1
C00003,32,35.23,1238.15,month,7,1
C00004,31,83.23,2151.29,month,4,1
C00005,61,59.29,4013.68,month,4,1
C00006,7,112.19,813.6,year,1,1
C00007,50,51.92,2191.8,year,4,1
C00008,15,92.62,1155.62,year,0,1
C00009,7,66.11,509.2,month,7,1
C00010,38,86.0,2997.33,month,5,1
C00011,70,79.97,6469.61,year,3,1
C00012,53,67.28,3939.64,month,6,1
C00013,55,115.01,6827.01,year,6,1
C00014,51,54.27,2522.66,month,0,1
C00015,56,37.72,2288.86,month,0,1
C00016,37,87.81,3831.38,year,2,1
C00017,10,104.6,875.11,year,0,1
C00018,60,24.03,1341.54,year,4,1
C00019,32,64.96,1858.1,month,4,1
C00020,36,109.25,3765.06,two_year,4,1
C00021,27,94.96,2812.45,two_year,0,1
C00022,13,119.18,1533.38,two_year,7,1
C00023,66,73.14,4963.81,year,7,1
C00024,56,86.0,4457.99,year,4,1
C00025,46,50.25,1979.84,year,0,1
C00026,29,114.75,3017.52,month,3,1
C00027,59,56.63,3821.87,month,5,1
C00028,39,93.85,3810.09,year,5,1
C00029,32,60.31,1835.73,month,1,1
C00030,32,76.18,2720.45,month,6,1
C00031,17,91.98,1291.24,two_year,7,1
C00032,7,70.89,447.38,month,4,1
C00033,40,110.71,3950.32,year,3,1
C00034,64,61.93,4733.02,year,4,1
C00035,5,84.71,458.47,month,0,1
C00036,61,54.24,3464.52,two_year,4,1
C00037,59,60.82,2877.86,month,0,1
C00038,20,64.01,1118.54,two_year,0,1
C00039,45,32.58,1545.59,year,4,1
C00040,12,29.17,333.2,month,4,1
C00041,54,86.75,5479.52,month,7,1
C00042,50,85.55,4730.44,month,4,1
C00043,26,86.29,2196.32,month,7,1
C00044,5,21.98,120.87,month,6,1
C00045,69,52.65,4323.68,two_year,2,1
C00046,32,39.78,1253.09,month,7,1
C00047,64,97.82,6617.39,two_year,3,1
C00048,49,106.06,6067.25,month,4,1
C00049,56,44.67,2250.04,two_year,0,1
C00050,54,86.78,5410.7,month,1,1
C00051,14,32.94,386.92,month,4,1
C00052,26,47.52,1308.88,year,2,1
C00053,34,33.87,1281.86,month,4,1
C00054,36,48.35,1820.39,two_year,0,1
C00055,4,87.47,349.26,month,2,1
C00056,39,111.03,4533.42,year,5,1
C00057,11,40.25,381.06,year,4,1
C00058,53,74.21,3485.65,year,7,1
C00059,49,90.14,4010.33,month,7,1
C00060,66,115.29,7906.75,month,6,1
C00061,53,81.01,4193.75,month,0,1
C00062,27,45.51,1103.18,month,4,1
C00063,69,82.55,6568.14,month,1,1
C00064,30,52.05,1482.75,two_year,2,1
C00065,24,117.61,2761.71,year,1,1
C00066,65,59.97,3757.25,year,3,1
C00067,27,88.54,2086.44,month,0,1
C00068,6,22.32,146.33,month,4,1
C00069,34,60.01,1998.27,year,1,1
C00070,57,107.51,4942.31,month,4,1
C00071,14,81.02,1344.81,month,5,1
C00072,33,64.39,2393.25,year,1,1
C00073,10,113.59,1237.48,year,0,1
C00074,49,105.4,5927.08,two_year,6,1
C00075,34,52.22,2064.39,month,5,1
C00076,24,74.45,1670.65,year,2,1
C00077,17,68.98,1224.71,month,7,1
C00078,41,83.22,3560.52,month,1,1
C00079,48,53.41,2325.05,year,7,1
C00080,67,44.42,2645.14,month,0,1
C00081,32,111.27,3010.75,year,5,1
C00082,12,112.39,1434.63,month,0,1
C00083,60,104.33,6963.2,month,1,1
C00084,45,117.82,5855.32,two_year,3,1
C00085,50,94.5,4377.76,month,0,1
C00086,7,96.47,595.68,year,3,1
C00087,23,96.26,2172.9,month,1,1
C00088,55,68.06,3813.39,two_year,0,1
C00089,60,65.65,4599.31,month,7,1
C00090,31,44.02,1569.22,month,7,1
C00091,58,84.48,5715.29,year,7,1
C00092,60,48.93,3347.12,month,1,1
C00093,28,45.78,1520.05,month,3,1
C00094,64,78.6,4960.98,two_year,2,1
C00095,21,61.0,1049.13,year,2,1
C00096,18,41.89,628.42,year,3,1
C00097,49,101.61,4760.37,year,4,1
C00098,46,106.06,4405.89,two_year,3,1
C00099,10,36.77,319.15,two_year,2,1
C00100,60,20.75,1470.7,year,7,1
C00101,15,53.61,706.18,month,7,1
C00102,58,99.75,6848.6,month,2,1
C00103,1,103.92,114.76,year,1,1
C00104,57,33.83,2037.02,two_year,4,1
C00105,56,97.43,5840.23,year,2,1
C00106,56,31.57,1648.74,month,7,1
C00107,48,59.01,2998.38,month,3,1
C00108,34,119.86,3564.52,year,0,1
C00109,51,39.26,2352.82,two_year,1,1
C00110,20,35.4,651.87,month,0,1
C00111,56,62.28,3146.15,year,3,1
C00112,40,81.97,3555.74,year,2,1
C00113,33,113.29,3972.53,two_year,6,1
C00114,36,118.08,4168.07,month,7,1
C00115,41,26.96,1163.92,two_year,1,1
C00116,3,33.8,87.59,year,7,1
C00117,10,99.07,1059.39,year,4,1
C00118,18,47.06,769.36,month,2,1
C00119,9,108.48,887.61,year,3,1
C00120,32,86.35,2389.81,year,3,1
C00121,48,31.18,1396.29,month,1,1
C00122,47,103.25,4525.19,month,6,1
C00123,34,37.64,1256.3,year,0,1
C00124,61,62.35,3332.37,year,0,1
C00125,41,75.22,2705.31,month,2,1
C00126,6,70.08,427.5,month,1,1
C00127,55,88.62,4150.54,month,0,1
C00128,41,85.27,3760.23,two_year,3,1
C00129,46,119.2,6456.9,two_year,3,1
C00130,41,119.94,4773.55,month,1,1
C00131,40,71.65,3325.83,month,6,1
C00132,7,29.52,173.44,month,7,1
C00133,40,92.78,3032.73,year,5,1
C00134,57,117.67,7301.1,two_year,4,1
C00135,22,51.83,1259.31,year,7,1
C00136,43,66.12,3233.31,month,2,1
C00137,3,62.48,154.21,month,3,1
C00138,25,25.14,698.11,month,0,1
C00139,32,87.23,2653.51,two_year,5,1
C00140,70,55.33,3568.42,year,0,1
C00141,16,98.75,1373.35,year,5,1
C00142,20,103.21,2473.75,month,6,1
C00143,30,102.12,2528.9,two_year,1,1
C00144,71,61.67,4951.3,month,4,1
C00145,61,52.15,3358.65,two_year,2,1
C00146,3,94.88,311.41,two_year,3,1
C00147,17,100.14,1846.55,year,4,1
C00148,59,69.13,4663.44,two_year,1,1
C00149,5,109.3,477.38,month,6,1
C00150,61,34.39,1678.92,year,3,1
C00151,20,107.91,2243.26,month,3,1
C00152,66,29.61,1840.02,year,6,1
C00153,21,35.35,630.64,month,1,1
C00154,31,73.38,1989.19,month,3,1
C00155,47,26.75,1172.64,month,7,1
C00156,9,25.28,188.41,month,3,1
C00157,40,20.05,659.86,year,0,1
C00158,36,63.63,2671.87,year,2,1
C00159,56,97.46,5047.56,month,7,1
C00160,71,23.48,1988.65,two_year,6,0
C00161,48,85.23,4850.94,two_year,6,1
C00162,30,102.31,2630.48,month,2,1
C00163,29,36.8,1158.95,month,6,1
C00164,30,34.69,1082.66,year,3,1
C00165,58,106.08,6621.83,year,6,1
C00166,23,102.31,1973.04,month,7,1
C00167,12,73.89,776.22,year,1,1
C00168,24,101.92,2031.85,month,7,1
C00169,2,29.28,61.0,month,5,1
C00170,8,59.45,568.17,year,5,1
C00171,7,93.78,701.62,year,6,1
C00172,55,45.75,2728.38,two_year,1,1
C00173,52,95.23,5911.82,month,5,1
C00174,50,70.42,3771.71,month,1,1
C00175,33,95.03,2559.2,month,2,1
C00176,51,66.47,3887.63,month,0,1
C00177,12,56.79,644.59,month,1,1
C00178,64,41.92,2150.99,year,7,1
C00179,36,40.84,1474.49,year,2,1
C00180,67,95.15,7489.45,year,3,1
C00181,11,31.89,316.74,month,3,1
C00182,36,28.6,1026.1,month,5,1
C00183,50,37.63,1635.98,year,4,1
C00184,36,37.53,1112.04,month,4,1
C00185,32,102.31,2724.62,two_year,6,1
C00186,12,59.85,783.42,month,3,1
C00187,28,119.04,3818.52,year,6,1
C00188,17,33.72,491.45,two_year,7,1
C00189,22,85.35,1718.71,year,5,1
C00190,49,64.87,2790.87,year,0,1
C00191,45,59.29,2163.1,year,2,1
C00192,44,107.51,4831.54,month,4,1
C00193,26,117.56,3300.99,year,3,1
C00194,69,107.29,7840.91,two_year,2,1
C00195,7,39.23,262.31,two_year,2,1
C00196,25,42.08,1075.15,month,0,1
C00197,9,85.61,645.39,month,1,1
C00198,25,48.91,1053.67,year,6,1
C00199,69,93.47,7563.36,year,0,1
C00200,27,76.64,2285.73,month,6,1
C00201,65,75.09,5706.18,month,2,1
C00202,36,102.85,4319.72,month,6,1
C00203,50,91.05,4824.54,year,2,1
C00204,33,22.66,875.87,month,6,1
C00205,19,24.95,458.26,month,4,1
C00206,55,80.16,3533.42,month,6,1
C00207,69,68.62,3906.33,two_year,0,1
C00208,19,46.02,737.8,month,6,1
C00209,56,61.87,2903.93,month,2,1
C00210,19,95.79,1712.05,year,2,1
C00211,51,102.66,5657.17,month,0,1
C00212,57,76.12,4843.27,two_year,7,1
C00213,32,58.54,1940.88,two_year,5,1
C00214,53,47.07,2141.89,month,7,1
C00215,20,72.19,1586.97,month,4,1
C00216,6,51.47,290.88,month,1,1
C00217,7,76.41,430.68,month,2,1
C00218,32,87.67,2559.22,month,3,1
C00219,65,26.61,1612.45,month,1,1
C00220,10,20.11,182.94,month,7,1
C00221,33,41.23,1530.32,year,7,1
C00222,50,109.45,6041.48,month,4,1
C00223,15,84.63,1368.75,month,4,1
C00224,52,37.2,1655.08,year,5,1
C00225,22,109.03,2694.02,month,5,1
C00226,58,67.0,4161.4,month,0,1
C00227,42,67.61,2493.0,month,4,1
C00228,39,113.55,4690.78,month,6,1
C00229,13,25.95,335.13,month,6,1
C00230,33,41.52,1336.92,two_year,4,1
C00231,61,78.58,4049.68,two_year,7,1
C00232,2,39.55,79.68,month,4,1
C00233,54,87.95,3989.28,month,3,1
C00234,35,41.41,1254.7,year,3,1
C00235,52,29.92,1327.16,year,5,1
C00236,48,40.7,2308.46,month,7,1
C00237,31,62.27,1764.25,month,1,1
C00238,22,37.61,779.5,month,2,1
C00239,45,33.47,1398.96,year,5,1
C00240,10,106.03,1229.21,month,6,1
C00241,42,52.04,2240.73,month,3,1
C00242,7,56.08,458.38,month,5,1
C00243,47,25.53,1103.88,month,0,1
C00244,45,55.74,2121.86,year,2,1
C00245,6,46.48,285.15,year,7,1
C00246,54,81.05,4106.28,year,4,1
C00247,30,40.54,1363.07,month,6,1
C00248,56,108.84,7020.08,month,1,1
C00249,3,112.97,335.19,two_year,2,1
C00250,13,29.98,463.22,year,7,1
C00251,36,30.74,1130.11,month,7,1
C00252,14,31.53,400.97,month,7,1
C00253,24,81.96,1958.37,two_year,2,1
C00254,47,32.2,1233.31,year,6,1
C00255,11,105.24,1298.41,two_year,3,1
C00256,49,95.43,3930.58,year,6,1
C00257,8,101.98,753.43,month,6,1
C00258,13,72.61,968.59,month,3,1
C00259,42,119.67,4107.31,month,2,1
C00260,57,24.42,1157.71,year,7,1
C00261,13,60.13,843.01,year,3,1
C00262,22,52.39,955.16,month,3,1
C00263,66,114.86,7511.27,two_year,5,1
C00264,71,77.69,5160.09,month,7,1
C00265,42,100.62,3766.38,month,1,1
C00266,32,37.03,1037.45,month,7,1
C00267,25,117.86,3256.96,two_year,3,1
C00268,44,69.86,3629.03,two_year,0,1
C00269,42,69.37,2494.2,year,2,1
C00270,21,117.09,2911.01,two_year,3,1
C00271,2,58.07,120.54,two_year,5,1
C00272,11,59.75,694.49,two_year,4,1
C00273,69,78.48,5869.83,two_year,1,1
C00274,30,32.81,1064.67,month,3,1
C00275,35,52.11,2057.16,year,1,1
C00276,34,39.32,1328.04,year,2,1
C00277,56,30.33,1721.14,year,5,1
C00278,5,106.61,495.49,month,6,1
C00279,6,78.93,398.8,year,1,1
C00280,20,55.87,1190.99,two_year,4,1
C00281,35,60.87,1733.0,month,3,1
C00282,48,63.15,2759.16,two_year,2,1
C00283,35,83.31,2442.58,month,5,1
C00284,32,112.68,3159.69,month,1,1
C00285,67,113.28,8010.93,month,6,1
C00286,12,59.15,746.28,year,3,1
C00287,41,52.93,2101.6,year,0,1
C00288,39,65.1,2122.7,month,6,1
C00289,34,76.79,2541.28,year,6,1
C00290,58,66.18,3612.35,month,4,1
C00291,19,85.88,1775.61,month,5,1
C00292,68,75.44,5292.08,two_year,1,1
C00293,24,52.07,1245.46,year,2,1
C00294,39,54.57,2117.15,year,2,1
C00295,37,57.86,2540.12,year,6,1
C00296,61,29.46,1981.29,two_year,2,1
C00297,32,36.61,1170.1,month,5,1
C00298,21,92.31,1922.4,month,2,1
C00299,2,58.91,95.5,month,4,1
C00300,26,41.45,1268.46,year,1,1
C00301,59,76.27,4174.45,year,4,1
C00302,1,95.55,86.22,year,0,1
C00303,64,45.74,3512.14,month,5,1
C00304,39,102.68,4354.82,month,0,1
C00305,10,112.75,923.36,year,7,1
C00306,22,79.74,1446.85,two_year,6,1
C00307,40,86.89,2815.93,month,4,1
C00308,23,25.26,604.13,month,7,1
C00309,8,114.55,759.35,month,6,1
C00310,48,59.25,3337.02,month,1,1
C00311,48,112.39,6337.52,month,5,1
C00312,9,77.9,714.02,month,3,1
C00313,20,20.46,428.29,year,6,1
C00314,18,23.85,393.56,month,6,1
C00315,47,88.04,3416.19,month,7,1
C00316,52,76.27,4342.75,month,3,1
C00317,52,22.65,990.19,two_year,1,1
C00318,67,94.35,5273.5,month,1,1
C00319,55,105.21,5349.6,month,1,1
C00320,23,69.64,1289.36,month,7,1
C00321,8,66.58,518.59,year,4,1
C00322,44,20.55,979.31,two_year,2,1
C00323,66,98.66,7296.46,month,3,1
C00324,70,53.07,3869.9,month,1,1
C00325,17,107.88,2088.42,month,4,1
C00326,17,57.31,937.83,year,3,1
C00327,3,76.51,261.55,two_year,6,1
C00328,11,47.03,518.67,month,0,1
C00329,40,36.06,1282.6,month,7,1
C00330,39,97.49,4477.59,year,0,1
C00331,27,69.66,1711.52,year,3,1
C00332,23,73.65,1372.91,month,2,1
C00333,59,116.54,6168.13,month,5,1
C00334,33,116.36,3635.12,month,5,1
C00335,58,105.56,5758.44,year,1,1
C00336,69,38.76,2700.83,year,3,1
C00337,23,79.43,2106.86,year,4,1
C00338,15,107.81,1482.82,two_year,3,1
C00339,68,57.45,3939.06,month,0,1
C00340,46,30.11,1296.49,month,1,1
C00341,21,101.1,2396.36,month,4,1
C00342,45,68.18,2647.89,two_year,2,1
C00343,37,76.44,2379.73,year,4,1
C00344,65,118.21,7692.86,month,1,1
C00345,19,80.72,1639.13,month,5,1
C00346,71,62.5,4962.06,year,1,1
C00347,67,57.0,3955.91,year,5,1
C00348,13,61.76,890.83,year,6,1
C00349,12,31.84,365.68,month,2,1
C00350,38,99.48,3073.89,two_year,1,1
C00351,4,103.77,351.34,year,0,1
C00352,22,48.44,869.05,year,2,1
C00353,31,50.38,1454.92,year,0,1
C00354,69,107.43,7399.3,two_year,7,1
C00355,71,22.4,1498.99,two_year,7,0
C00356,11,72.05,811.76,year,7,1
C00357,64,66.37,4214.73,month,7,1
C00358,7,89.01,667.42,month,4,1
C00359,54,36.34,2093.42,two_year,2,1
C00360,61,86.83,4911.17,year,3,1
C00361,64,57.67,3463.84,month,2,1
C00362,16,81.87,1354.53,month,6,1
C00363,64,24.01,1595.91,two_year,3,1
C00364,9,66.17,551.39,two_year,3,1
C00365,37,72.23,2491.12,two_year,5,1
C00366,34,41.43,1517.95,month,2,1
C00367,23,33.96,827.14,year,2,1
C00368,2,38.85,66.36,two_year,1,1
C00369,55,54.41,2921.98,month,0,1
C00370,24,29.68,824.21,month,0,1
C00371,47,114.73,4392.16,two_year,3,1
C00372,30,60.5,2072.85,month,7,1
C00373,27,100.9,2357.26,year,2,1
C00374,63,117.44,7420.17,year,5,1
C00375,7,28.07,190.54,year,2,1
C00376,53,85.17,3629.5,month,2,1
C00377,54,107.14,6746.88,year,1,1
C00378,27,83.42,2211.73,month,4,1
C00379,19,62.9,1412.26,two_year,5,1
C00380,1,63.11,57.73,month,2,1
C00381,67,23.59,1812.09,year,4,1
C00382,68,73.46,5839.26,year,3,1
C00383,18,119.35,2197.14,month,2,1
C00384,3,115.87,306.27,month,5,1
C00385,9,24.04,232.39,year,4,1
C00386,5,90.58,461.77,month,0,1
C00387,60,50.18,3546.16,month,3,1
C00388,64,110.3,6887.72,year,3,1
C00389,11,24.51,244.65,two_year,6,1
C00390,54,113.59,5246.38,year,2,1
C00391,13,103.75,1455.91,month,7,1
C00392,27,31.75,1019.82,two_year,4,1
C00393,43,25.98,906.38,year,1,1
C00394,52,103.47,5897.92,month,3,1
C00395,63,35.58,2624.33,month,7,1
C00396,4,73.49,243.96,month,2,1
C00397,14,111.57,1318.42,month,5,1
C00398,20,76.74,1652.65,year,6,1
C00399,23,59.72,1454.85,month,5,1
C00400,71,64.5,3789.68,year,0,1
C00401,56,26.31,1670.45,month,2,1
C00402,23,116.88,2713.43,month,2,1
C00403,69,51.07,4097.79,month,2,1
C00404,36,38.94,1613.79,year,7,1
C00405,36,48.6,1968.31,year,0,1
C00406,31,116.44,3632.6,month,4,1
C00407,11,29.43,291.58,month,7,1
C00408,67,106.73,7168.0,month,7,1
C00409,1,90.78,76.28,two_year,4,1
C00410,13,103.0,1424.08,month,7,1
C00411,17,117.59,1706.35,year,3,1
C00412,20,104.22,2093.72,month,4,1
C00413,10,114.34,939.59,month,4,1
C00414,2,32.69,60.14,year,0,1
C00415,49,99.58,4356.5,year,0,1
C00416,69,74.57,5392.37,month,7,1
C00417,9,74.35,745.91,two_year,1,1
C00418,22,109.89,1989.48,month,2,1
C00419,36,117.18,4809.55,month,4,1
C00420,66,90.48,6833.44,month,4,1
C00421,50,68.29,3199.07,year,4,1
C00422,55,65.64,3839.81,year,7,1
C00423,42,58.63,2366.54,month,6,1
C00424,30,56.16,1451.75,two_year,7,1
C00425,15,59.15,897.42,year,5,1
C00426,62,28.98,1499.48,two_year,7,1
C00427,58,27.74,1852.49,two_year,4,1
C00428,2,97.99,229.24,two_year,4,1
C00429,51,64.61,3719.01,year,6,1
C00430,6,113.07,695.39,month,6,1
C00431,53,81.22,4403.84,month,0,1
C00432,59,23.52,1656.67,year,7,1
C00433,10,35.75,321.45,month,5,1
C00434,31,40.58,1044.6,year,7,1
C00435,9,117.57,1084.35,month,5,1
C00436,41,41.87,1599.1,two_year,7,1
C00437,66,71.58,4388.55,month,2,1
C00438,6,113.62,547.31,two_year,1,1
C00439,29,117.72,3545.3,month,1,1
C00440,70,43.64,2766.47,month,2,1
C00441,22,24.91,479.6,two_year,1,1
C00442,10,35.36,288.6,two_year,3,1
C00443,35,26.33,871.55,year,1,1
C00444,37,39.51,1683.47,two_year,1,1
C00445,48,76.86,3448.25,month,4,1
C00446,23,111.24,2741.79,two_year,6,1
C00447,68,73.72,5527.38,month,1,1
C00448,37,82.6,2846.06,year,4,1
C00449,21,40.19,952.57,month,5,1
C00450,69,100.06,7434.05,month,5,1
C00451,66,81.78,5525.38,year,0,1
C00452,36,106.41,3066.13,year,5,1
C00453,2,114.88,187.03,month,0,1
C00454,43,54.79,2818.56,two_year,1,1
C00455,40,29.06,1293.65,year,2,1
C00456,11,42.59,550.49,month,6,1
C00457,46,63.78,3406.0,year,1,1
C00458,60,114.57,5555.57,month,6,1
C00459,8,57.83,516.65,month,7,1
C00460,52,97.08,4949.51,year,7,1
C00461,10,74.05,826.27,month,2,1
C00462,54,38.28,1659.25,month,0,1
C00463,30,52.07,1429.76,year,1,1
C00464,1,85.32,93.9,month,6,1
C00465,69,87.29,6728.96,two_year,1,1
C00466,12,63.48,798.24,year,5,1
C00467,43,42.86,1696.47,month,2,1
C00468,13,92.19,1107.56,year,6,1
C00469,67,36.89,2933.1,month,4,1
C00470,53,113.67,5878.02,year,4,1
C00471,58,38.79,2202.24,month,6,1
C00472,31,30.73,972.57,two_year,7,1
C00473,34,69.76,2285.98,month,2,1
C00474,46,71.95,3379.43,year,4,1
C00475,56,70.82,3858.58,month,5,1
C00476,61,63.67,4391.44,month,6,1
C00477,2,119.48,278.06,year,3,1
C00478,48,68.63,3863.63,year,2,1
C00479,8,67.79,556.27,two_year,6,1
C00480,21,62.18,1275.56,month,7,1
C00481,59,26.68,1703.35,month,4,1
C00482,18,79.3,1620.57,month,0,1
C00483,57,42.8,2501.06,month,2,1
C00484,33,83.76,2985.19,two_year,3,1
C00485,17,25.08,468.95,two_year,5,1
C00486,24,118.14,3035.42,two_year,5,1
C00487,38,66.9,2792.49,month,6,1
C00488,55,109.68,5329.37,month,0,1
C00489,44,67.56,2970.71,year,3,1
C00490,67,26.03,1805.59,month,5,1
C00491,62,102.22,5076.39,year,7,1
C00492,54,84.82,5232.44,month,1,1
C00493,43,98.18,4407.54,month,7,1
C00494,21,62.82,1123.52,two_year,0,1
C00495,30,83.79,2831.79,month,1,1
C00496,9,105.62,1033.11,two_year,6,1
C00497,27,83.11,2475.82,month,6,1
C00498,66,54.77,3458.72,month,7,1
C00499,31,86.25,3052.57,month,4,1
C00500,9,87.19,757.72,month,4,1
C00501,47,116.06,5608.67,year,4,1
C00502,69,57.09,3152.38,month,4,1
C00503,62,62.51,4100.21,year,4,1
C00504,20,101.21,2200.85,two_year,2,1
C00505,33,70.58,2391.66,month,6,1
C00506,38,93.66,3554.18,month,2,1
C00507,18,65.97,1334.67,month,4,1
C00508,20,41.55,891.29,year,5,1
C00509,17,94.52,1464.2,year,4,1
C00510,71,33.12,2783.33,month,4,1
C00511,53,39.86,2287.73,year,0,1
C00512,60,82.68,5929.03,year,2,1
C00513,58,94.73,6530.05,month,3,1
C00514,69,109.47,8819.11,month,3,1
C00515,8,47.26,416.7,two_year,7,1
C00516,63,31.07,2043.09,month,7,1
C00517,5,115.6,502.21,month,5,1
C00518,34,35.44,1225.85,month,2,1
C00519,43,39.77,1891.64,year,0,1
C00520,26,49.13,1288.04,month,6,1
C00521,11,72.94,920.52,month,7,1
C00522,14,108.28,1279.23,month,3,1
C00523,59,96.05,5397.07,year,6,1
C00524,23,90.82,2093.84,month,7,1
C00525,23,37.52,839.6,two_year,4,1
C00526,66,55.77,3104.53,month,1,1
C00527,11,67.84,642.82,month,0,1
C00528,65,34.74,2563.05,two_year,6,1
C00529,66,47.34,3104.92,two_year,4,1
C00530,43,50.83,1791.15,month,1,1
C00531,12,32.73,316.8,two_year,0,1
C00532,12,75.02,890.69,year,7,1
C00533,21,90.5,1645.36,month,2,1
C00534,41,26.99,1197.39,two_year,2,1
C00535,11,68.11,837.71,year,5,1
C00536,33,98.22,2889.0,month,2,1
C00537,9,94.8,884.66,year,7,1
C00538,39,101.51,3411.68,month,5,1
C00539,2,64.82,119.45,month,2,1
C00540,51,102.06,6014.54,two_year,2,1
C00541,4,44.08,179.43,year,6,1
C00542,14,56.08,906.31,year,4,1
C00543,13,37.64,435.54,year,7,1
C00544,60,66.75,3732.7,year,2,1
C00545,4,59.21,234.09,month,0,1
C00546,31,44.09,1355.9,two_year,7,1
C00547,42,95.18,4793.31,year,1,1
C00548,37,51.38,1607.87,year,6,1
C00549,49,47.28,2642.88,year,5,1
C00550,58,33.09,2198.41,month,1,1
C00551,28,63.88,1826.7,month,6,1
C00552,59,50.3,2782.56,month,0,1
C00553,23,56.93,1319.46,month,3,1
C00554,70,43.6,2798.64,year,2,1
C00555,36,96.32,3882.38,two_year,5,1
C00556,53,113.0,5984.88,month,4,1
C00557,63,69.79,5145.7,month,4,1
C00558,57,84.3,5040.92,year,3,1
C00559,61,106.72,6547.21,month,5,1
C00560,39,119.88,5070.05,two_year,1,1
C00561,4,81.35,325.91,month,5,1
C00562,36,108.98,4558.08,month,0,1
C00563,13,110.86,1259.27,month,0,1
C00564,64,99.15,7547.07,two_year,5,1
C00565,17,66.09,1263.83,month,1,1
C00566,17,28.12,547.02,year,6,1
C00567,18,21.58,385.78,month,1,1
C00568,46,67.72,3535.29,month,1,1
C00569,41,69.43,2626.61,two_year,7,1
C00570,68,60.74,4563.09,month,1,1
C00571,30,76.82,1973.15,month,7,1
C00572,21,75.22,1457.71,year,2,1
C00573,4,103.66,405.64,two_year,6,1
C00574,1,30.87,28.68,month,7,1
C00575,27,42.52,1096.16,month,0,1
C00576,66,99.3,7392.96,two_year,2,1
C00577,38,104.78,3594.11,year,4,1
C00578,64,119.48,8396.96,two_year,6,1
C00579,8,107.29,711.96,year,1,1
C00580,7,108.99,844.03,year,1,1
C00581,60,51.43,3446.25,month,2,1
C00582,8,60.17,462.43,month,1,1
C00583,4,46.81,203.9,year,2,1
C00584,29,80.63,2726.55,year,1,1
C00585,66,113.88,8420.15,two_year,6,1
C00586,49,54.46,2551.6,year,6,1
C00587,8,75.7,601.78,month,1,1
C00588,60,49.63,3310.55,year,4,1
C00589,60,36.98,2034.72,year,5,1
C00590,57,39.52,2526.46,month,5,1
C00591,65,25.79,1561.06,year,7,1
C00592,18,114.93,2321.95,year,5,1
C00593,70,60.29,3522.77,month,5,1
C00594,23,103.41,1944.98,year,0,1
C00595,57,88.13,6023.42,year,0,1
C00596,42,39.19,1889.23,two_year,4,1
C00597,56,37.55,2424.82,month,7,1
C00598,45,101.2,5376.05,year,3,1
C00599,46,46.47,2084.88,year,5,1
C00600,44,111.33,4480.84,year,1,1
C00601,56,34.01,1622.7,month,3,1
C00602,53,87.77,4654.06,two_year,6,1
C00603,10,101.45,900.9,two_year,5,1
C00604,59,43.53,3015.71,year,0,1
C00605,39,47.62,1488.72,year,7,1
C00606,23,116.45,2296.09,month,7,1
C00607,37,46.46,1544.69,year,3,1
C00608,69,63.0,3823.55,month,2,1
C00609,61,63.25,3435.04,year,4,1
C00610,60,45.3,2887.65,month,6,1
C00611,33,97.58,2997.97,year,3,1
C00612,56,97.18,5692.47,month,0,1
C00613,28,57.83,1872.01,year,0,1
C00614,49,103.51,5280.06,year,6,1
C00615,46,41.31,2048.13,month,6,1
C00616,18,20.43,347.96,month,6,1
C00617,19,77.12,1265.85,two_year,1,1
C00618,5,119.41,554.2,year,1,1
C00619,10,23.86,282.91,month,3,1
C00620,31,40.8,1326.43,month,1,1
C00621,34,71.89,2226.73,month,3,1
C00622,12,100.99,1188.09,year,4,1
C00623,30,28.9,983.36,year,2,1
C00624,43,59.52,2731.8,month,0,1
C00625,17,94.71,1649.13,year,3,1
C00626,25,57.15,1648.87,year,5,1
C00627,27,38.88,1122.17,year,4,1
C00628,36,39.55,1505.09,month,2,1
C00629,27,61.0,1442.62,month,2,1
C00630,53,67.94,3033.89,month,4,1
C00631,24,106.18,3022.45,month,1,1
C00632,31,84.23,2714.38,month,6,1
C00633,27,89.04,2323.0,month,6,1
C00634,13,118.3,1592.66,month,0,1
C00635,49,61.18,2472.38,year,7,1
C00636,17,60.34,1157.95,month,0,1
C00637,22,112.33,2191.16,year,3,1
C00638,57,44.59,2851.25,month,5,1
C00639,68,92.98,6409.59,year,2,1
C00640,48,95.46,4172.57,month,1,1
C00641,66,29.78,1596.13,year,0,1
C00642,61,66.82,4590.96,year,5,1
C00643,35,40.06,1220.65,month,0,1
C00644,55,38.54,1739.68,year,3,1
C00645,24,66.38,1756.18,month,3,1
C00646,33,48.94,1518.15,year,7,1
C00647,39,99.61,3712.82,month,7,1
C00648,69,110.76,6869.23,month,6,1
C00649,61,100.27,6995.23,month,5,1
C00650,35,46.6,1498.78,two_year,4,1
C00651,47,47.41,1969.96,month,2,1
C00652,15,45.47,630.01,year,1,1
C00653,58,33.5,1712.29,month,7,1
C00654,40,114.38,4241.49,month,3,1
C00655,38,60.2,1905.97,month,3,1
C00656,55,42.47,2016.8,two_year,1,1
C00657,45,104.67,4553.87,year,2,1
C00658,6,59.92,414.09,month,5,1
C00659,21,23.51,406.28,year,3,1
C00660,13,36.19,416.4,month,4,1
C00661,53,83.93,5174.87,month,1,1
C00662,3,98.29,340.87,year,0,1
C00663,15,41.09,660.59,month,7,1
C00664,43,111.74,4306.03,month,3,1
C00665,50,105.1,5086.44,year,2,1
C00666,36,104.84,3338.27,month,2,1
C00667,62,42.77,2257.79,two_year,5,1
C00668,66,25.05,1573.94,year,4,1
C00669,10,106.74,1099.77,two_year,3,1
C00670,68,50.58,3246.74,year,7,1
C00671,44,81.89,3762.89,two_year,7,1
C00672,46,96.0,4056.1,month,1,1
C00673,7,32.83,215.64,year,5,1
C00674,45,98.08,4926.77,year,7,1
C00675,52,113.85,6816.08,two_year,3,1
C00676,42,92.84,3621.7,month,0,1
C00677,6,64.12,395.73,year,1,1
C00678,38,107.67,3728.4,year,5,1
C00679,67,72.75,4003.39,month,7,1
C00680,52,94.48,5380.39,two_year,1,1
C00681,10,102.05,886.2,month,4,1
C00682,69,94.94,6356.2,month,3,1
C00683,69,48.79,3349.07,year,2,1
C00684,13,31.78,361.0,month,5,1
C00685,57,43.83,2093.14,month,7,1
C00686,29,70.29,1914.49,month,1,1
C00687,43,70.53,3581.47,month,0,1
C00688,32,78.26,2619.65,year,2,1
C00689,56,59.51,3174.48,two_year,2,1
C00690,71,98.69,5714.65,year,5,1
C00691,57,111.32,6599.74,month,4,1
C00692,67,44.67,2504.76,year,0,1
C00693,68,93.65,6476.57,two_year,2,1
C00694,7,87.8,676.54,year,5,1
C00695,18,72.31,1261.8,month,3,1
C00696,52,38.85,1858.11,month,4,1
C00697,42,99.52,3423.1,two_year,2,1
C00698,4,116.06,375.99,two_year,2,1
C00699,7,92.18,627.2,month,1,1
C00700,37,111.79,4770.47,two_year,0,1
C00701,44,118.42,4677.06,month,0,1
C00702,12,55.21,682.15,month,4,1
C00703,13,83.82,1169.99,year,1,1
C00704,10,67.39,555.52,year,4,1
C00705,41,118.66,4189.99,month,7,1
C00706,1,29.38,27.4,two_year,5,1
C00707,41,61.24,2681.67,two_year,4,1
C00708,34,107.55,3567.53,month,0,1
C00709,34,48.41,1800.13,year,3,1
C00710,49,98.78,5551.92,year,7,1
C00711,38,58.28,2443.52,year,3,1
C00712,52,118.0,7344.17,two_year,6,1
C00713,55,108.35,6565.57,year,5,1
C00714,66,50.13,3774.67,month,2,1
C00715,57,97.02,6265.35,month,1,1
C00716,37,53.69,2169.5,two_year,0,1
C00717,35,80.64,3163.12,two_year,2,1
C00718,17,85.85,1713.21,month,2,1
C00719,43,102.96,4383.37,month,5,1
C00720,10,22.45,236.92,year,4,1
C00721,67,42.02,2832.16,month,3,1
C00722,60,91.19,6239.67,month,5,1
C00723,9,76.35,668.28,two_year,6,1
C00724,56,69.56,4393.54,two_year,5,1
C00725,9,25.52,257.18,two_year,7,1
C00726,52,54.83,3377.92,year,2,1
C00727,7,106.51,670.69,month,6,1
C00728,35,23.09,875.91,two_year,3,1
C00729,47,59.64,3091.15,month,1,1
C00730,52,114.51,6993.65,month,1,1
C00731,30,25.09,875.21,two_year,0,1
C00732,66,94.97,6452.36,year,7,1
C00733,55,45.76,2596.49,two_year,1,1
C00734,15,106.66,1386.98,month,6,1
C00735,48,94.61,5404.06,two_year,6,1
C00736,52,108.57,5092.41,year,3,1
C00737,24,41.59,1087.89,year,7,1
C00738,53,73.13,4334.48,two_year,7,1
C00739,64,97.93,6120.15,month,7,1
C00740,59,44.57,2325.85,year,3,1
C00741,55,43.07,2074.13,year,2,1
C00742,46,22.72,1194.15,year,0,1
C00743,20,115.85,2326.97,two_year,6,1
C00744,57,91.0,4336.62,year,6,1
C00745,26,83.56,2361.16,month,4,1
C00746,38,94.4,3228.73,month,0,1
C00747,23,73.16,1936.02,two_year,6,1
C00748,23,67.61,1436.58,two_year,2,1
C00749,12,64.95,685.96,two_year,4,1
C00750,69,84.04,4835.84,month,5,1
C00751,11,40.15,443.69,month,1,1
C00752,7,108.81,746.66,year,0,1
C00753,67,101.18,7460.52,year,0,1
C00754,40,54.96,2167.27,month,7,1
C00755,32,77.86,2335.87,year,7,1
C00756,53,34.1,1635.0,month,3,1
C00757,28,117.23,2991.15,year,3,1
C00758,10,110.29,1291.65,month,3,1
C00759,52,112.19,5052.32,month,2,1
C00760,13,53.22,826.96,month,4,1
C00761,40,36.91,1374.19,two_year,2,1
C00762,68,41.18,2339.2,year,4,1
C00763,67,29.0,1747.68,two_year,3,0
C00764,26,32.01,685.25,year,5,1
C00765,56,27.13,1695.53,month,7,1
C00766,44,118.98,5261.41,month,1,1
C00767,35,27.41,896.8,year,0,1
C00768,10,33.25,354.05,month,4,1
C00769,27,102.73,2918.66,year,0,1
C00770,47,78.02,4312.13,two_year,1,1
C00771,71,97.44,8194.68,two_year,6,1
C00772,1,83.09,89.1,month,3,1
C00773,51,108.22,6220.86,year,4,1
C00774,61,83.85,5713.13,month,6,1
C00775,68,72.21,4893.2,month,1,1
C00776,31,91.27,3060.77,year,3,1
C00777,9,64.74,484.37,year,0,1
C00778,20,54.61,1204.92,year,3,1
C00779,61,66.77,4825.38,month,1,1
C00780,63,36.97,1942.45,two_year,7,1
C00781,46,99.66,5200.71,two_year,2,1
C00782,9,46.07,486.44,year,1,1
C00783,9,35.35,283.3,two_year,0,1
C00784,34,44.64,1532.82,month,1,1
C00785,42,104.21,5125.88,year,1,1
C00786,3,53.02,188.34,two_year,1,1
C00787,49,88.6,3695.2,two_year,5,1
C00788,39,105.64,3871.12,two_year,7,1
C00789,1,27.77,29.97,year,6,1
C00790,7,96.5,600.27,two_year,7,1
C00791,33,50.77,1557.98,year,7,1
C00792,52,41.66,1753.24,month,3,1
C00793,59,88.89,4517.67,month,3,1
C00794,31,110.98,3526.15,year,5,1
C00795,21,49.5,1103.15,year,2,1
C00796,69,76.88,5620.69,year,4,1
C00797,33,48.98,1796.31,two_year,7,1
C00798,23,75.43,1676.1,year,1,1
C00799,32,82.19,2391.78,month,6,1
C00800,1,81.03,65.33,month,7,1
C00801,22,82.35,1599.1,year,4,1
C00802,37,33.51,1146.82,year,2,1
C00803,66,89.35,5138.04,year,2,1
C00804,53,87.48,3746.51,year,1,1
C00805,56,88.26,4265.33,year,2,1
C00806,39,27.41,1140.01,year,5,1
C00807,8,64.68,544.26,two_year,4,1
C00808,28,60.9,2002.37,month,1,1
C00809,71,28.67,2278.35,year,4,1
C00810,4,42.24,173.54,year,6,1
C00811,63,64.1,3452.84,month,0,1
C00812,49,94.29,4738.62,year,0,1
C00813,21,43.71,756.94,year,7,1
C00814,56,102.97,5606.9,year,5,1
C00815,60,74.58,4278.37,year,4,1
C00816,4,96.04,373.07,month,7,1
C00817,8,67.26,490.69,month,4,1
C00818,48,69.92,3605.63,month,4,1
C00819,71,81.97,6613.57,month,1,1
C00820,2,112.8,249.83,year,6,1
C00821,48,69.18,3490.33,two_year,6,1
C00822,10,72.87,739.88,year,2,1
C00823,47,80.2,3062.39,month,5,1
C00824,45,93.75,4594.95,month,5,1
C00825,7,27.19,193.75,month,0,1
C00826,49,71.57,3185.33,year,1,1
C00827,64,68.16,4061.84,month,4,1
C00828,62,112.17,8166.32,year,4,1
C00829,3,69.35,218.4,year,5,1
C00830,18,66.83,1191.35,year,2,1
C00831,18,116.22,2193.15,month,6,1
C00832,33,65.06,2072.9,month,3,1
C00833,11,38.09,413.99,year,1,1
C00834,61,41.69,2329.79,year,0,1
C00835,56,29.52,1613.35,month,7,1
C00836,58,20.06,1249.85,two_year,5,1
C00837,15,63.19,773.42,year,3,1
C00838,2,96.92,216.72,year,1,1
C00839,65,93.35,5541.02,month,0,1
C00840,21,23.21,523.0,month,1,1
C00841,47,77.0,3825.61,month,0,1
C00842,65,35.43,2443.55,month,4,1
C00843,3,114.11,357.14,year,1,1
C00844,1,36.74,43.49,year,1,1
C00845,1,82.66,82.94,two_year,2,1
C00846,12,52.62,690.12,two_year,5,1
C00847,4,84.16,364.3,month,3,1
C00848,59,61.23,3231.47,month,1,1
C00849,44,95.96,3856.27,year,5,1
C00850,70,43.07,2923.27,two_year,3,1
C00851,57,110.58,5742.59,two_year,1,1
C00852,69,70.02,4573.85,month,5,1
C00853,17,95.61,1554.48,month,7,1
C00854,21,104.97,2295.95,month,4,1
C00855,61,119.88,6493.34,two_year,1,1
C00856,18,42.39,855.89,year,2,1
C00857,5,48.69,237.37,year,4,1
C00858,48,45.04,2340.27,year,7,1
C00859,57,46.29,2196.78,month,7,1
C00860,69,78.24,5333.7,year,7,1
C00861,66,119.35,6390.6,month,6,1
C00862,9,119.03,1146.65,year,4,1
C00863,55,72.68,3747.5,year,5,1
C00864,61,83.9,6037.59,year,5,1
C00865,50,106.0,4927.14,month,5,1
C00866,59,113.29,6854.7,two_year,5,1
C00867,60,40.39,2188.22,year,1,1
C00868,32,72.85,2443.2,month,7,1
C00869,3,103.28,305.76,month,0,1
C00870,33,50.32,1574.63,year,3,1
C00871,15,63.98,845.95,month,3,1
C00872,9,118.56,901.23,month,7,1
C00873,9,118.5,904.34,month,0,1
C00874,50,110.61,6634.48,month,3,1
C00875,36,99.84,3468.17,year,2,1
C00876,39,46.91,1465.0,year,0,1
C00877,53,52.09,3260.94,month,1,1
C00878,39,74.73,2354.87,year,3,1
C00879,45,76.08,3312.11,month,7,1
C00880,7,70.55,536.81,month,3,1
C00881,61,83.67,5950.29,month,7,1
C00882,32,60.83,2112.32,year,5,1
C00883,12,94.92,1122.47,two_year,6,1
C00884,58,53.35,3681.53,year,6,1
C00885,53,53.07,2294.41,month,5,1
C00886,4,32.72,156.37,month,5,1
C00887,14,38.87,620.23,month,1,1
C00888,2,105.05,246.15,two_year,5,1
C00889,20,64.63,1165.81,month,0,1
C00890,8,42.79,293.36,two_year,5,1
C00891,51,95.93,5212.03,year,5,1
C00892,38,75.4,2883.38,year,6,1
C00893,70,22.12,1562.75,two_year,5,0
C00894,54,51.64,3262.19,month,2,1
C00895,44,37.7,1738.48,year,2,1
C00896,37,85.59,2927.5,month,4,1
C00897,4,47.5,182.41,two_year,3,1
C00898,5,26.49,113.03,year,2,1
C00899,44,25.49,983.52,month,3,1
C00900,1,78.17,67.02,two_year,4,1
C00901,4,22.17,99.69,month,1,1
C00902,16,104.88,1815.6,month,5,1
C00903,63,35.54,2266.2,year,2,1
C00904,33,80.66,2528.02,year,2,1
C00905,51,64.47,3509.57,two_year,3,1
C00906,30,64.29,2170.1,year,0,1
C00907,13,27.18,407.22,year,4,1
C00908,27,100.28,2758.48,month,5,1
C00909,7,109.31,863.08,month,7,1
C00910,55,21.1,1165.75,two_year,2,1
C00911,14,37.86,524.64,month,4,1
C00912,27,110.39,3416.2,year,4,1
C00913,70,74.95,5008.04,month,5,1
C00914,43,35.0,1442.34,month,4,1
C00915,33,40.28,1225.51,year,6,1
C00916,39,86.0,3379.09,year,6,1
C00917,56,92.48,5271.79,year,0,1
C00918,19,79.94,1616.35,two_year,2,1
C00919,46,115.31,5156.81,month,5,1
C00920,62,69.41,3817.71,year,4,1
C00921,41,50.03,2352.22,month,3,1
C00922,32,67.72,2033.55,year,1,1
C00923,11,55.97,719.83,month,4,1
C00924,18,42.44,674.5,year,5,1
C00925,68,24.6,1712.99,month,0,1
C00926,39,55.22,2185.12,two_year,4,1
C00927,22,91.14,2268.67,two_year,7,1
C00928,30,21.84,560.55,two_year,4,1
C00929,42,63.92,3124.85,month,7,1
C00930,39,84.4,3332.98,two_year,2,1
C00931,50,81.04,4191.57,month,0,1
C00932,19,97.66,1863.09,month,5,1
C00933,47,101.05,3867.92,month,1,1
C00934,32,91.17,2914.04,month,0,1
C00935,67,30.28,1836.88,year,1,1
C00936,12,67.5,759.03,month,7,1
C00937,11,80.34,936.45,month,6,1
C00938,33,44.56,1469.13,year,2,1
C00939,37,24.26,751.57,two_year,4,1
C00940,50,42.36,1756.28,year,2,1
C00941,29,65.49,1660.41,year,1,1
C00942,65,61.39,3496.96,month,7,1
C00943,34,37.67,1336.26,two_year,6,1
C00944,10,102.44,892.38,month,2,1
C00945,9,112.57,1167.82,month,2,1
C00946,70,40.13,2482.98,month,6,1
C00947,10,112.96,944.86,year,3,1
C00948,68,21.79,1704.42,month,3,1
C00949,20,112.5,2065.79,year,3,1
C00950,7,115.19,782.28,month,3,1
C00951,22,21.21,552.3,year,4,1
C00952,44,96.3,4990.35,year,0,1
C00953,31,117.02,3939.47,month,3,1
C00954,56,110.59,5125.21,month,3,1
C00955,44,117.07,5343.4,year,2,1
C00956,29,75.03,2601.54,year,2,1
C00957,46,27.82,1508.49,month,3,1
C00958,69,104.98,6102.03,year,2,1
C00959,30,81.38,2339.81,month,7,1
C00960,11,81.47,830.05,month,4,1
C00961,30,61.73,1577.62,month,4,1
C00962,60,77.18,4991.63,year,2,1
C00963,16,35.36,514.58,month,7,1
C00964,68,93.98,5994.08,year,0,1
C00965,42,27.5,965.75,month,4,1
C00966,43,92.98,3994.89,year,1,1
C00967,23,104.9,2082.8,month,6,1
C00968,66,67.25,4317.93,year,3,1
C00969,3,70.98,182.56,year,2,1
C00970,22,51.22,1331.41,month,0,1
C00971,30,116.95,3010.27,month,6,1
C00972,34,93.31,3200.32,year,3,1
C00973,34,56.9,1700.11,two_year,2,1
C00974,11,37.48,342.42,two_year,6,1
C00975,17,41.96,628.38,month,0,1
C00976,7,66.39,381.97,year,3,1
C00977,41,114.26,4008.94,month,1,1
C00978,25,93.41,2329.16,month,1,1
C00979,41,41.52,1805.7,year,0,1
C00980,42,105.96,3715.73,year,1,1
C00981,50,57.82,2822.79,year,7,1
C00982,39,105.17,4234.93,two_year,3,1
C00983,47,44.17,1855.29,month,7,1
C00984,42,81.87,3262.59,year,2,1
C00985,47,112.67,4388.55,month,6,1
C00986,44,45.79,1789.21,month,0,1
C00987,23,89.29,2026.36,month,0,1
C00988,18,118.73,2556.4,two_year,0,1
C00989,56,35.06,2353.1,year,7,1
C00990,25,28.84,859.32,month,5,1
C00991,39,87.42,3304.49,year,5,1
C00992,14,53.97,628.85,two_year,7,1
C00993,31,27.12,781.39,two_year,2,1
C00994,38,67.53,2296.92,year,5,1
C00995,45,95.38,3457.93,month,4,1
C00996,38,48.51,1544.92,year,4,1
C00997,26,53.5,1364.96,two_year,5,1
C00998,69,104.57,6752.57,two_year,3,1
C00999,37,72.01,2323.71,two_year,0,1
C01000,58,104.27,6570.42,year,0,1
C01001,53,64.64,3230.12,month,4,1
C01002,40,115.3,5261.13,year,4,1
C01003,63,85.08,4804.69,month,5,1
C01004,10,31.59,320.75,month,4,1
C01005,66,108.51,6256.82,year,1,1
C01006,61,68.93,4196.83,year,2,1
C01007,36,34.16,1058.81,two_year,3,1
C01008,53,35.27,1616.26,year,7,1
C01009,37,88.75,3431.16,two_year,4,1
C01010,20,24.74,448.05,year,5,1
C01011,57,48.66,2410.13,year,5,1
C01012,18,33.98,716.79,month,2,1
C01013,23,64.11,1204.99,year,7,1
C01014,37,61.44,2332.52,month,5,1
C01015,60,72.19,4415.02,month,6,1
C01016,28,47.96,1208.92,month,5,1
C01017,36,23.2,819.42,two_year,4,1
C01018,3,81.44,204.03,year,0,1
C01019,9,57.37,562.03,two_year,4,1
C01020,4,85.13,302.61,two_year,1,1
C01021,6,30.87,162.5,two_year,4,1
C01022,62,21.38,1227.4,month,5,1
C01023,60,44.83,3122.72,two_year,4,1
C01024,59,65.65,4332.68,two_year,2,1
C01025,4,59.41,280.12,two_year,0,1
C01026,6,101.03,643.03,month,5,1
C01027,20,57.78,1230.91,month,5,1
C01028,41,73.04,2970.72,two_year,3,1
C01029,24,79.35,2213.05,month,5,1
C01030,35,22.18,779.68,month,6,1
C01031,13,71.51,875.73,year,4,1
C01032,52,54.48,2992.03,month,0,1
C01033,23,62.13,1455.36,month,6,1
C01034,5,30.03,127.57,two_year,3,1
C01035,53,98.28,4985.33,two_year,5,1
C01036,65,114.24,6871.13,two_year,7,1
C01037,2,22.23,50.63,month,2,1
C01038,32,80.14,2440.2,month,4,1
C01039,59,96.38,6417.82,month,0,1
C01040,51,48.48,2415.5,year,7,1
C01041,61,98.76,6635.23,month,0,1
C01042,30,83.24,2132.89,year,4,1
C01043,27,112.92,3566.72,two_year,2,1
C01044,51,118.1,5976.26,year,0,1
C01045,11,24.23,240.92,month,3,1
C01046,17,64.49,982.96,month,7,1
C01047,43,74.7,2910.26,month,1,1
C01048,48,34.67,1575.44,month,2,1
C01049,9,53.63,524.67,year,1,1
C01050,37,118.76,5184.36,month,0,1
C01051,26,21.62,600.13,year,1,1
C01052,36,65.25,2393.32,two_year,4,1
C01053,69,104.27,7046.7,month,6,1
C01054,6,52.39,355.61,month,5,1
C01055,71,67.98,5501.64,month,6,1
C01056,32,117.8,3457.53,month,5,1
C01057,55,67.49,4385.18,year,3,1
C01058,31,33.09,982.75,two_year,7,1
C01059,23,25.17,648.4,two_year,1,1
C01060,55,114.54,7476.03,year,5,1
C01061,49,46.58,2468.35,month,0,1
C01062,11,70.41,669.66,month,6,1
C01063,51,29.07,1533.65,month,0,1
C01064,54,62.37,2854.4,month,1,1
C01065,28,113.01,3530.25,two_year,3,1
C01066,66,70.24,4230.32,year,5,1
C01067,46,117.11,5807.71,month,0,1
C01068,24,45.88,1281.74,month,2,1
C01069,1,70.45,61.46,month,2,1
C01070,48,105.95,4867.65,two_year,5,1
C01071,15,64.83,1029.68,month,7,1
C01072,54,47.95,2506.09,month,4,1
C01073,38,105.55,3489.19,month,4,1
C01074,34,58.99,1627.85,two_year,2,1
C01075,12,73.07,844.08,year,6,1
C01076,51,117.65,6358.26,year,0,1
C01077,12,38.65,477.53,month,1,1
C01078,30,50.14,1297.37,month,1,1
C01079,60,23.11,1359.25,two_year,2,1
C01080,66,59.18,3701.95,month,3,1
C01081,71,40.02,2584.79,month,7,1
C01082,69,88.0,6628.85,year,5,1
C01083,40,38.13,1409.07,month,3,1
C01084,15,87.48,1333.27,month,1,1
C01085,60,46.35,3251.79,two_year,5,1
C01086,57,55.52,3214.36,year,2,1
C01087,71,54.89,4079.61,month,7,1
C01088,47,91.68,3573.41,month,3,1
C01089,11,66.65,638.76,year,4,1
C01090,36,56.13,1698.14,month,7,1
C01091,32,105.26,3725.11,month,2,1
C01092,60,77.2,5254.39,year,3,1
C01093,28,41.38,1013.33,year,4,1
C01094,24,110.01,2343.76,two_year,2,1
C01095,6,54.27,302.59,month,0,1
C01096,60,23.9,1486.24,month,2,1
C01097,54,69.46,3933.58,year,0,1
C01098,3,32.39,104.43,year,5,1
C01099,31,43.85,1579.67,month,0,1
C01100,35,94.71,3043.09,year,2,1
C01101,34,33.08,1196.14,month,7,1
C01102,66,100.69,6804.3,two_year,4,1
C01103,11,113.69,1153.46,two_year,5,1
C01104,22,80.65,2063.45,month,5,1
C01105,13,91.04,992.02,two_year,2,1
C01106,18,91.36,1783.93,two_year,5,1
C01107,65,119.28,8459.9,month,1,1
C01108,67,54.15,4230.78,month,5,1
C01109,4,36.29,146.24,year,5,1
C01110,45,71.92,3005.48,month,7,1
C01111,17,73.32,1409.84,month,7,1
C01112,14,37.79,586.37,month,0,1
C01113,21,81.31,1707.73,two_year,2,1
C01114,14,21.41,331.86,month,4,1
C01115,35,112.77,3580.48,year,2,1
C01116,71,46.46,3416.76,month,4,1
C01117,42,23.96,1153.32,month,6,1
C01118,52,30.82,1485.96,two_year,2,1
C01119,36,44.02,1574.29,month,7,1
C01120,1,47.39,55.94,month,7,1
C01121,6,23.28,156.34,month,7,1
C01122,20,47.94,1107.24,year,0,1
C01123,18,39.29,674.76,month,2,1
C01124,60,57.86,4161.07,month,0,1
C01125,60,58.52,3023.24,month,0,1
C01126,61,53.9,3312.59,month,0,1
C01127,46,52.79,2408.21,month,3,1
C01128,40,28.97,1297.13,year,0,1
C01129,47,22.52,1231.44,month,2,1
C01130,29,40.21,1273.9,month,7,1
C01131,48,95.66,4824.6,year,7,1
C01132,57,119.08,6590.53,year,7,1
C01133,55,112.85,6232.39,month,0,1
C01134,44,70.42,3110.01,month,5,1
C01135,5,73.18,295.7,month,5,1
C01136,52,51.46,2679.18,two_year,1,1
C01137,27,97.39,3003.94,month,7,1
C01138,53,96.48,5541.48,month,3,1
C01139,39,104.43,4554.51,month,7,1
C01140,63,109.55,6599.32,month,0,1
C01141,25,63.43,1604.13,month,5,1
C01142,67,96.69,5269.35,month,1,1
C01143,60,100.64,5755.8,year,7,1
C01144,24,50.85,1207.91,year,4,1
C01145,35,112.92,3565.21,year,0,1
C01146,38,29.43,908.65,year,1,1
C01147,55,119.43,7068.94,month,2,1
C01148,49,97.01,4630.07,two_year,0,1
C01149,61,29.33,1728.78,year,0,1
C01150,27,85.62,2080.55,two_year,7,1
C01151,36,23.42,855.88,year,7,1
C01152,31,97.02,2933.06,month,4,1
C01153,65,99.92,6427.21,month,7,1
C01154,22,80.24,1822.38,month,5,1
C01155,42,105.69,3562.41,month,0,1
C01156,9,29.79,311.83,year,5,1
C01157,61,47.59,2404.94,month,0,1
C01158,28,61.42,1686.0,month,6,1
C01159,25,24.25,535.29,two_year,2,1
C01160,42,64.82,2748.34,year,1,1
C01161,36,46.52,1527.5,year,2,1
C01162,61,59.27,4136.11,month,5,1
C01163,38,62.51,2276.91,year,6,1
C01164,37,107.94,4215.44,two_year,4,1
C01165,8,47.03,338.45,year,1,1
C01166,2,109.37,176.69,year,7,1
C01167,29,62.6,1745.8,year,6,1
C01168,71,52.78,3802.07,month,3,1
C01169,66,70.25,4561.48,year,4,1
C01170,45,61.77,3293.35,two_year,7,1
C01171,45,45.74,2228.59,month,3,1
C01172,28,70.27,2357.66,month,0,1
C01173,13,35.18,419.85,month,1,1
C01174,1,55.19,61.57,month,4,1
C01175,25,76.58,1957.05,two_year,7,1
C01176,23,61.34,1473.89,year,5,1
C01177,14,102.39,1712.04,month,4,1
C01178,19,45.67,921.18,month,2,1
C01179,2,116.98,271.28,month,3,1
C01180,44,98.47,4723.92,month,0,1
C01181,66,116.76,6557.59,year,2,1
C01182,50,103.81,5604.54,two_year,4,1
C01183,32,34.21,1087.85,year,7,1
C01184,30,72.65,2544.61,month,7,1
C01185,22,37.0,913.91,year,6,1
C01186,11,101.82,942.67,year,0,1
C01187,43,78.42,2878.28,month,6,1
C01188,41,46.34,1572.85,year,1,1
C01189,1,112.96,112.65,year,4,1
C01190,30,31.52,787.03,two_year,7,1
C01191,20,76.39,1664.49,month,7,1
C01192,13,92.1,1222.38,month,5,1
C01193,50,25.88,1467.85,year,2,1
C01194,38,79.79,2764.95,month,4,1
C01195,45,101.59,4606.55,month,5,1
C01196,51,26.75,1155.51,year,4,1
C01197,70,71.22,5752.37,month,3,1
C01198,57,45.86,2274.2,year,3,1
C01199,45,86.29,3265.43,two_year,4,1
C01200,63,31.87,1770.93,year,0,1
C01201,34,113.71,4339.71,year,7,1
C01202,70,109.47,6454.66,year,0,1
C01203,55,38.6,2220.17,month,7,1
C01204,47,52.33,2701.7,month,0,1
C01205,65,78.76,5633.55,year,4,1
C01206,37,91.81,2975.83,month,3,1
C01207,52,64.27,2756.01,month,4,1
C01208,21,35.63,732.91,month,3,1
C01209,69,30.42,1849.19,two_year,7,1
C01210,45,119.98,5829.45,month,0,1
C01211,56,65.54,3459.85,year,7,1
C01212,33,107.25,3467.55,month,5,1
C01213,62,68.24,3576.76,year,6,1
C01214,6,112.24,691.64,month,1,1
C01215,9,28.78,226.44,month,0,1
C01216,37,31.4,1244.98,year,3,1
C01217,53,112.96,4959.94,year,2,1
C01218,58,114.75,7922.43,month,6,1
C01219,32,51.47,1768.61,month,7,1
C01220,47,55.52,2277.24,month,3,1
C01221,40,65.25,2102.71,month,6,1
C01222,69,61.62,3970.25,year,0,1
C01223,47,39.0,1578.44,month,5,1
C01224,30,109.84,2924.04,year,0,1
C01225,69,45.33,3594.12,month,5,1
C01226,8,90.53,754.14,year,3,1
C01227,70,26.72,1628.34,month,3,1
C01228,11,23.88,268.63,year,2,1
C01229,21,85.37,1617.64,month,3,1
C01230,59,53.9,3785.85,two_year,6,1
C01231,53,85.55,3686.73,year,6,1
C01232,69,29.4,2217.11,two_year,2,0
C01233,54,114.99,6887.53,month,2,1
C01234,46,94.85,3607.7,month,4,1
C01235,25,107.63,2337.58,month,5,1
C01236,1,33.65,32.09,month,1,1
C01237,9,52.02,537.13,year,5,1
C01238,22,56.83,1268.76,two_year,7,1
C01239,3,73.72,234.9,year,6,1
C01240,37,49.69,2046.66,year,4,1
C01241,56,26.06,1650.9,month,2,1
C01242,69,56.89,3888.17,month,2,1
C01243,35,45.45,1596.35,year,5,1
C01244,63,58.59,4013.05,month,3,1
C01245,70,39.7,2515.93,month,0,1
C01246,62,46.19,3269.85,two_year,5,1
C01247,34,82.7,2272.82,two_year,1,1
C01248,24,58.82,1239.89,year,7,1
C01249,70,54.54,4276.24,month,3,1
C01250,18,73.39,1236.61,two_year,2,1
C01251,30,97.19,2507.31,month,0,1
C01252,6,57.89,303.82,month,1,1
C01253,57,78.75,4543.97,month,7,1
C01254,47,116.62,6240.13,two_year,4,1
C01255,7,72.2,418.6,two_year,7,1
C01256,16,110.98,1442.19,year,7,1
C01257,40,99.37,3919.42,month,0,1
C01258,39,25.87,1193.03,year,3,1
C01259,57,62.91,3268.89,month,6,1
C01260,19,89.83,2020.25,two_year,3,1
C01261,66,118.67,9046.78,month,4,1
C01262,32,65.84,1924.12,month,4,1
C01263,59,29.28,1946.53,year,5,1
C01264,17,76.2,1391.71,year,7,1
C01265,3,32.66,98.44,two_year,7,1
C01266,4,95.15,368.86,month,5,1
C01267,27,70.77,2151.93,two_year,4,1
C01268,68,92.34,7015.23,month,2,1
C01269,4,106.94,471.72,month,0,1
C01270,27,82.89,2684.07,year,5,1
C01271,8,81.24,644.33,month,0,1
C01272,67,95.46,7181.03,year,5,1
C01273,48,104.25,5729.54,month,3,1
C01274,55,106.91,5201.73,month,6,1
C01275,51,23.64,984.8,year,7,1
C01276,47,75.62,3418.72,month,4,1
C01277,55,41.63,2616.37,year,4,1
C01278,1,106.03,97.09,year,3,1
C01279,62,84.84,5680.91,month,2,1
C01280,53,62.02,2639.31,year,0,1
C01281,53,38.81,1937.93,month,0,1
C01282,28,53.9,1578.94,month,5,1
C01283,57,90.38,4388.71,month,7,1
C01284,28,40.44,1311.95,two_year,0,1
C01285,4,29.36,101.29,year,2,1
C01286,65,108.8,8231.22,year,4,1
C01287,17,96.42,1453.19,two_year,5,1
C01288,8,39.98,383.08,month,5,1
C01289,45,49.23,2308.17,two_year,5,1
C01290,17,117.21,1661.28,year,0,1
C01291,61,90.82,4576.67,two_year,2,1
C01292,32,81.05,2152.61,two_year,3,1
C01293,1,50.76,52.59,two_year,0,1
C01294,68,49.91,3814.15,month,2,1
C01295,37,23.95,851.75,year,3,1
C01296,19,92.85,1725.22,two_year,7,1
C01297,49,24.32,1234.24,year,2,1
C01298,38,20.49,788.91,month,7,1
C01299,3,92.95,299.83,two_year,5,1
C01300,54,114.89,6134.04,month,5,1
C01301,29,95.65,3011.14,year,6,1
C01302,50,67.16,4025.99,year,6,1
C01303,64,68.6,4127.5,month,1,1
C01304,44,63.61,2252.75,year,3,1
C01305,48,52.46,2141.0,month,4,1
C01306,19,72.17,1400.58,year,7,1
C01307,17,63.12,1006.19,two_year,0,1
C01308,30,79.82,2816.03,month,3,1
C01309,61,109.81,7039.88,year,1,1
C01310,38,119.5,4577.97,month,1,1
C01311,25,27.87,779.81,two_year,6,1
C01312,56,58.47,2958.14,two_year,1,1
C01313,61,38.07,2619.28,month,6,1
C01314,65,55.21,2875.31,year,7,1
C01315,22,48.75,1123.84,year,6,1
C01316,51,37.45,2242.1,year,1,1
C01317,42,96.41,4515.46,year,1,1
C01318,32,69.63,2543.34,year,3,1
C01319,29,111.92,3111.9,year,4,1
C01320,9,23.26,236.49,month,6,1
C01321,20,26.7,544.86,month,3,1
C01322,40,60.33,2527.62,two_year,1,1
C01323,63,28.03,1454.33,month,7,1
C01324,62,46.27,2526.27,year,7,1
C01325,14,118.6,1694.25,month,5,1
C01326,49,40.9,1650.42,two_year,5,1
C01327,7,39.81,305.58,year,7,1
C01328,48,77.36,4218.37,month,3,1
C01329,25,69.8,2038.41,month,1,1
C01330,32,78.04,2099.48,month,4,1
C01331,51,57.67,3458.49,two_year,3,1
C01332,31,102.68,2632.56,year,6,1
C01333,58,33.86,1943.5,year,6,1
C01334,38,62.84,2712.92,year,3,1
C01335,71,88.98,5231.74,month,2,1
C01336,46,106.82,3966.81,month,3,1
C01337,22,56.96,1015.0,month,5,1
C01338,56,76.77,4318.5,month,5,1
C01339,29,26.91,877.66,year,4,1
C01340,38,37.03,1197.43,two_year,4,1
C01341,10,26.91,228.69,two_year,7,1
C01342,9,92.79,858.01,two_year,2,1
C01343,41,48.81,1788.52,year,1,1
C01344,14,92.37,1412.26,month,6,1
C01345,71,26.64,2231.62,year,7,1
C01346,61,106.25,7170.94,two_year,4,1
C01347,50,103.55,5958.63,year,3,1
C01348,53,28.89,1543.17,year,2,1
C01349,43,22.38,1090.26,year,3,1
C01350,5,25.63,111.9,year,0,1
C01351,28,105.36,2440.72,two_year,4,1
C01352,36,43.47,1662.54,year,2,1
C01353,65,74.83,3992.24,month,2,1
C01354,16,62.62,1159.21,month,4,1
C01355,36,99.55,3858.4,year,7,1
C01356,25,68.89,2033.77,month,1,1
C01357,10,70.07,648.54,two_year,7,1
C01358,8,118.91,946.01,year,4,1
C01359,26,35.01,998.26,year,7,1
C01360,6,103.07,554.79,month,3,1
C01361,5,25.17,127.96,year,7,1
C01362,25,67.76,1802.06,year,5,1
C01363,15,108.63,1941.53,month,5,1
C01364,40,86.52,3799.55,two_year,4,1
C01365,2,88.52,150.0,month,3,1
C01366,22,46.33,1009.2,month,4,1
C01367,33,61.86,2113.87,month,6,1
C01368,69,56.66,3356.92,year,6,1
C01369,46,72.14,3228.13,year,0,1
C01370,63,66.22,3811.42,two_year,5,1
C01371,25,52.69,1116.41,month,6,1
C01372,32,50.55,1625.39,two_year,5,1
C01373,30,45.09,1171.78,year,3,1
C01374,64,56.5,3746.95,month,2,1
C01375,69,34.99,2095.33,month,5,1
C01376,69,107.21,8059.11,month,5,1
C01377,54,80.21,3803.34,two_year,2,1
C01378,36,33.38,1392.16,month,3,1
C01379,39,89.39,2825.52,year,2,1
C01380,70,104.77,7398.43,year,0,1
C01381,21,43.75,852.64,two_year,0,1
C01382,25,35.06,780.11,year,0,1
C01383,64,20.86,1319.88,year,3,1
C01384,28,24.73,787.17,month,4,1
C01385,17,96.23,1907.65,two_year,3,1
C01386,40,118.72,4375.07,month,7,1
C01387,24,24.49,506.47,month,1,1
C01388,64,94.81,6602.15,two_year,3,1
C01389,65,27.19,1825.32,month,1,1
C01390,22,79.21,1534.21,month,2,1
C01391,38,95.61,4011.46,year,4,1
C01392,70,55.92,3944.04,month,2,1
C01393,53,21.09,1186.35,month,2,1
C01394,16,79.52,1200.73,year,5,1
C01395,42,119.12,4881.16,year,6,1
C01396,45,45.76,1795.9,year,1,1
C01397,47,38.95,2018.49,month,0,1
C01398,2,32.39,55.89,year,1,1
C01399,22,75.53,1846.64,two_year,4,1
C01400,61,79.64,5437.13,month,7,1
C01401,18,99.23,1962.33,month,1,1
C01402,22,95.31,1693.75,month,0,1
C01403,23,109.25,2284.73,year,4,1
C01404,13,100.58,1290.98,month,7,1
C01405,12,44.73,557.27,year,4,1
C01406,25,75.59,2206.64,two_year,7,1
C01407,63,49.74,2977.7,month,5,1
C01408,1,52.98,60.93,year,0,1
C01409,21,113.19,2056.98,month,3,1
C01410,5,88.19,418.25,month,6,1
C01411,40,117.46,3856.98,year,4,1
C01412,18,61.69,1218.13,month,1,1
C01413,57,73.74,3615.83,two_year,1,1
C01414,42,68.71,2605.34,year,5,1
C01415,56,30.73,1910.34,month,3,1
C01416,46,43.67,2036.72,month,4,1
C01417,32,72.76,1875.67,month,2,1
C01418,62,26.74,1327.79,two_year,2,1
C01419,34,113.15,3863.51,year,5,1
C01420,68,32.38,2030.06,month,0,1
C01421,71,39.8,2464.45,year,3,1
C01422,42,96.53,4238.48,year,2,1
C01423,48,29.69,1270.32,year,6,1
C01424,19,110.03,2167.68,month,5,1
C01425,58,92.57,5109.77,month,3,1
C01426,48,26.86,1127.73,month,2,1
C01427,65,89.18,4957.58,month,1,1
C01428,19,83.16,1413.73,year,1,1
C01429,56,95.73,4352.67,month,2,1
C01430,34,102.82,3227.57,month,6,1
C01431,14,91.84,1492.49,month,0,1
C01432,13,78.62,1157.53,month,0,1
C01433,40,52.25,1983.0,two_year,4,1
C01434,23,89.73,2126.39,year,1,1
C01435,8,115.7,950.54,month,6,1
C01436,31,78.75,2762.26,year,6,1
C01437,47,86.43,3633.71,month,6,1
C01438,23,63.71,1345.99,two_year,3,1
C01439,68,95.61,5986.0,year,3,1
C01440,56,119.77,5475.34,year,3,1
C01441,37,36.04,1234.64,two_year,1,1
C01442,67,40.24,3103.63,two_year,4,1
C01443,31,73.94,2669.87,two_year,6,1
C01444,10,68.14,575.0,month,2,1
C01445,3,77.16,227.6,month,0,1
C01446,67,24.91,1589.76,year,4,1
C01447,69,60.43,4151.92,year,3,1
C01448,53,78.3,4240.73,year,6,1
C01449,8,78.52,507.62,year,6,1
C01450,21,85.73,2046.79,month,7,1
C01451,3,92.02,328.36,month,3,1
C01452,4,84.15,357.25,year,7,1
C01453,18,99.02,1896.75,month,0,1
C01454,41,82.48,3419.53,year,2,1
C01455,5,73.75,344.31,year,2,1
C01456,70,80.62,4851.02,year,7,1
C01457,33,30.12,1027.38,year,4,1
C01458,19,47.32,735.43,year,2,1
C01459,37,72.74,3040.72,year,1,1
C01460,57,107.3,5922.62,month,6,1
C01461,23,87.91,1952.99,year,5,1
C01462,4,29.04,108.13,year,6,1
C01463,4,79.23,376.42,month,3,1
C01464,61,42.17,2237.88,year,1,1
C01465,8,93.4,642.98,two_year,2,1
C01466,46,102.74,4093.76,month,4,1
C01467,28,79.35,2362.69,year,1,1
C01468,56,79.14,5303.84,two_year,0,1
C01469,5,53.86,240.81,two_year,6,1
C01470,64,64.63,4807.43,month,4,1
C01471,50,106.41,4849.35,year,3,1
C01472,32,92.33,3129.35,two_year,4,1
C01473,15,71.98,881.25,year,5,1
C01474,70,56.82,3970.49,month,0,1
C01475,22,25.04,584.94,month,3,1
C01476,35,34.3,1217.94,year,2,1
C01477,28,39.3,985.01,month,0,1
C01478,17,57.34,1102.86,month,0,1
C01479,30,114.41,4077.76,month,3,1
C01480,11,70.52,763.06,year,4,1
C01481,1,43.48,45.84,year,4,1
C01482,21,30.58,716.78,two_year,6,1
C01483,8,53.83,386.11,year,3,1
C01484,30,101.57,3491.31,two_year,4,1
C01485,62,58.33,3298.5,two_year,6,1
C01486,12,97.25,1295.76,month,5,1
C01487,1,100.27,84.71,year,7,1
C01488,8,31.08,227.59,month,1,1
C01489,37,80.87,3032.43,two_year,6,1
C01490,20,115.91,2341.31,month,5,1
C01491,35,60.21,2402.74,year,4,1
C01492,3,25.09,90.21,two_year,0,1
C01493,24,112.33,2272.35,month,4,1
C01494,30,108.37,2953.8,two_year,6,1
C01495,31,72.21,2111.0,month,5,1
C01496,40,75.23,2983.82,month,0,1
C01497,56,41.17,2299.9,year,2,1
C01498,34,101.95,3960.17,month,4,1
C01499,60,69.86,4645.23,year,6,1
C01500,38,23.39,717.76,two_year,3,1
C01501,19,88.3,1647.52,month,6,1
C01502,17,115.05,2048.22,year,6,1
C01503,23,102.92,2329.66,two_year,2,1
C01504,43,47.72,1748.8,year,1,1
C01505,18,25.33,437.24,month,7,1
C01506,65,114.04,7150.66,two_year,4,1
C01507,35,113.71,3482.71,month,6,1
C01508,62,73.24,5006.42,year,7,1
C01509,49,84.23,3832.42,year,3,1
C01510,24,66.26,1646.84,year,0,1
C01511,17,61.98,1060.29,month,7,1
C01512,53,31.94,1948.39,month,4,1
C01513,24,29.68,604.62,year,0,1
C01514,18,43.27,658.69,month,4,1
C01515,67,103.66,6390.49,year,0,1
C01516,35,34.58,1177.0,year,2,1
C01517,4,42.67,156.93,year,2,1
C01518,36,74.86,2978.67,month,3,1
C01519,33,41.51,1230.25,month,4,1
C01520,62,36.32,1877.83,two_year,6,1
C01521,51,76.33,3758.6,month,2,1
C01522,14,56.81,882.31,month,5,1
C01523,11,82.62,1036.26,month,7,1
C01524,43,111.22,5228.84,month,5,1
C01525,4,35.1,143.65,two_year,2,1
C01526,23,111.34,2790.47,month,5,1
C01527,10,110.25,1182.49,month,2,1
C01528,2,102.91,183.95,year,3,1
C01529,66,83.13,5597.98,month,5,1
C01530,7,82.01,636.21,month,2,1
C01531,1,83.92,77.78,two_year,0,1
C01532,67,89.05,6333.81,year,6,1
C01533,14,21.65,300.85,month,5,1
C01534,58,115.81,6725.47,month,0,1
C01535,3,78.56,197.03,month,3,1
C01536,11,98.15,1151.43,month,2,1
C01537,8,57.73,529.4,year,7,1
C01538,51,21.24,927.87,year,7,1
C01539,45,70.97,3022.61,year,5,1
C01540,34,70.72,1970.39,two_year,3,1
C01541,18,63.7,930.87,month,0,1
C01542,7,53.97,451.79,two_year,1,1
C01543,41,44.98,1839.36,year,0,1
C01544,17,72.75,1165.28,month,6,1
C01545,42,57.53,2198.68,two_year,0,1
C01546,49,116.99,6833.18,month,5,1
C01547,61,37.29,2049.27,year,7,1
C01548,36,51.97,2039.83,year,2,1
C01549,1,49.4,45.13,month,5,1
C01550,20,74.33,1231.2,two_year,7,1
C01551,61,69.93,4578.45,month,3,1
C01552,38,84.37,2566.94,two_year,3,1
C01553,44,115.0,5415.71,month,1,1
C01554,33,48.52,1441.29,month,3,1
C01555,12,89.28,1176.83,month,6,1
C01556,64,22.5,1595.38,two_year,5,1
C01557,55,46.24,2771.18,month,1,1
C01558,71,66.37,3815.97,two_year,4,1
C01559,61,23.1,1523.93,month,5,1
C01560,21,81.77,2053.84,year,0,1
C01561,19,87.83,1496.97,month,6,1
C01562,18,94.67,1550.18,month,1,1
C01563,66,71.66,5322.7,two_year,2,1
C01564,40,80.39,2778.79,month,3,1
C01565,33,59.61,2093.49,year,4,1
C01566,69,24.13,1834.81,year,7,1
C01567,43,30.0,1051.17,year,1,1
C01568,65,85.5,5677.01,year,2,1
C01569,70,119.56,8623.21,two_year,3,1
C01570,6,21.58,119.3,year,6,1
C01571,26,75.76,2266.28,year,7,1
C01572,53,95.1,4360.36,year,3,1
C01573,58,102.68,5631.93,year,5,1
C01574,11,74.52,934.04,month,7,1
C01575,23,81.99,1652.42,year,6,1
C01576,39,89.67,3946.68,month,5,1
C01577,57,105.9,5019.95,year,4,1
C01578,9,32.23,288.82,two_year,7,1
C01579,43,112.62,4020.05,two_year,1,1
C01580,22,22.6,532.58,two_year,2,1
C01581,16,103.62,1850.64,year,5,1
C01582,37,27.67,1167.06,year,0,1
C01583,30,39.46,1411.69,month,4,1
C01584,46,20.39,1002.48,year,6,1
C01585,23,64.53,1643.93,month,1,1
C01586,59,53.44,3160.22,month,6,1
C01587,6,36.6,255.85,two_year,3,1
C01588,62,65.11,4268.95,two_year,6,1
C01589,3,60.24,208.45,year,5,1
C01590,53,96.77,4586.08,month,1,1
C01591,25,109.31,2729.18,year,5,1
C01592,28,85.26,2606.74,month,0,1
C01593,2,32.44,57.17,two_year,1,1
C01594,50,49.54,2191.0,two_year,7,1
C01595,12,111.33,1591.42,month,7,1
C01596,47,28.87,1321.4,month,0,1
C01597,52,60.69,2754.22,month,3,1
C01598,61,114.25,6499.42,month,0,1
C01599,51,115.07,5627.67,month,2,1
C01600,22,61.12,1410.84,month,7,1
C01601,53,86.74,5375.1,month,1,1
C01602,59,65.67,4628.65,month,5,1
C01603,23,95.35,2326.12,month,6,1
C01604,9,23.16,225.11,year,7,1
C01605,64,34.42,2045.88,month,2,1
C01606,11,81.42,1023.57,two_year,5,1
C01607,43,43.26,1650.2,month,3,1
C01608,17,86.61,1240.55,month,0,1
C01609,9,55.12,589.99,month,1,1
C01610,56,108.66,6971.27,year,5,1
C01611,11,101.93,1033.17,month,5,1
C01612,48,69.28,3558.45,year,4,1
C01613,50,97.29,4800.32,month,6,1
C01614,5,47.11,218.89,two_year,5,1
C01615,13,69.43,825.61,month,2,1
C01616,57,39.75,1935.88,month,2,1
C01617,37,106.09,4002.77,two_year,7,1
C01618,9,102.31,901.12,month,7,1
C01619,71,110.21,7863.05,month,0,1
C01620,19,107.75,1814.16,two_year,6,1
C01621,1,115.96,136.3,month,1,1
C01622,66,42.83,2983.49,month,6,1
C01623,2,113.18,262.54,month,4,1
C01624,40,77.12,2602.67,month,5,1
C01625,71,62.25,4636.94,two_year,5,1
C01626,42,76.04,3640.11,year,4,1
C01627,42,54.26,2124.79,year,2,1
C01628,28,48.86,1201.25,month,6,1
C01629,10,44.13,399.82,year,4,1
C01630,41,28.24,1052.68,year,4,1
C01631,64,69.66,4364.08,month,2,1
C01632,7,108.78,708.45,two_year,0,1
C01633,63,83.02,4751.74,year,4,1
C01634,30,72.1,2291.49,year,2,1
C01635,39,62.86,2013.24,month,5,1
C01636,12,66.44,746.37,month,2,1
C01637,45,40.93,1981.65,year,7,1
C01638,13,102.29,1157.35,year,5,1
C01639,20,39.84,707.85,month,3,1
C01640,52,91.66,4195.63,month,5,1
C01641,4,96.0,307.34,two_year,5,1
C01642,32,77.49,2453.66,month,4,1
C01643,43,106.29,3727.6,month,4,1
C01644,10,49.11,446.5,year,7,1
C01645,21,108.16,2720.91,month,2,1
C01646,25,92.94,2712.36,month,3,1
C01647,48,99.87,4247.42,month,2,1
C01648,70,86.46,5592.24,two_year,4,1
C01649,60,104.63,6186.66,month,7,1
C01650,14,119.31,1900.46,year,4,1
C01651,2,62.02,139.06,two_year,1,1
C01652,4,101.39,344.93,year,7,1
C01653,43,94.46,3451.62,year,6,1
C01654,12,65.29,757.38,year,3,1
C01655,17,112.69,2199.33,month,1,1
C01656,61,59.44,4179.99,year,3,1
C01657,63,76.55,4065.24,two_year,6,1
C01658,60,30.59,1889.95,year,4,1
C01659,19,42.58,697.59,month,1,1
C01660,44,104.07,4920.0,month,1,1
C01661,44,59.66,3062.3,two_year,7,1
C01662,14,59.41,816.69,month,3,1
C01663,40,44.6,1486.49,two_year,5,1
C01664,38,69.16,2711.39,month,2,1
C01665,29,100.58,2810.08,year,0,1
C01666,54,109.52,6649.55,two_year,3,1
C01667,49,27.01,1238.97,year,5,1
C01668,38,77.48,3385.75,month,2,1
C01669,52,66.73,3155.86,two_year,4,1
C01670,55,81.43,3865.11,month,3,1
C01671,41,64.73,2448.49,month,2,1
C01672,20,59.86,974.48,year,2,1
C01673,54,67.19,3310.78,month,2,1
C01674,51,78.2,4243.63,year,2,1
C01675,70,70.1,4204.87,month,5,1
C01676,11,67.21,624.38,month,2,1
C01677,30,101.78,2604.41,two_year,5,1
C01678,66,94.56,5186.37,month,2,1
C01679,37,54.14,2303.36,year,2,1
C01680,67,100.06,7894.96,year,7,1
C01681,1,105.37,86.26,two_year,7,1
C01682,3,35.35,117.08,year,3,1
C01683,57,78.27,4884.6,two_year,2,1
C01684,26,48.53,1512.58,month,5,1
C01685,37,93.92,3263.58,month,0,1
C01686,31,43.88,1243.57,two_year,3,1
C01687,29,87.14,2479.63,two_year,4,1
C01688,67,45.51,3484.07,year,5,1
C01689,7,71.11,543.28,year,0,1
C01690,55,114.86,6245.6,year,0,1
C01691,64,58.13,3340.2,month,2,1
C01692,47,107.57,5514.89,two_year,0,1
C01693,29,118.69,3930.12,two_year,4,1
C01694,12,107.49,1238.26,year,7,1
C01695,49,36.59,1913.81,month,2,1
C01696,34,101.97,3328.59,month,3,1
C01697,11,23.21,253.11,month,1,1
C01698,26,59.33,1557.95,year,0,1
C01699,69,107.07,8202.64,year,5,1
C01700,19,88.88,2011.27,month,2,1
C01701,13,73.27,931.31,year,4,1
C01702,49,58.79,2699.01,two_year,5,1
C01703,15,101.23,1441.67,month,6,1
C01704,66,90.96,5124.2,year,1,1
C01705,61,66.84,3746.07,year,4,1
C01706,70,109.25,6382.44,month,7,1
C01707,65,42.99,2713.75,year,3,1
C01708,18,37.04,578.01,year,0,1
C01709,16,84.28,1265.63,month,2,1
C01710,25,117.2,3274.07,month,6,1
C01711,34,44.73,1366.26,two_year,6,1
C01712,63,44.97,2959.91,month,2,1
C01713,53,33.95,2088.1,year,1,1
C01714,46,106.06,5009.37,year,2,1
C01715,63,42.64,2357.29,two_year,1,1
C01716,46,70.32,3033.86,year,5,1
C01717,27,119.09,3331.66,two_year,6,1
C01718,30,21.21,637.98,year,0,1
C01719,37,75.65,2405.64,month,5,1
C01720,7,71.23,488.0,month,6,1
C01721,53,100.74,5431.2,month,4,1
C01722,47,55.53,2367.01,month,6,1
C01723,52,61.03,3316.3,month,0,1
C01724,38,36.79,1157.65,month,5,1
C01725,56,94.08,4924.15,month,1,1
C01726,68,98.47,7510.93,month,7,1
C01727,41,33.67,1247.55,month,3,1
C01728,32,59.35,1979.1,year,0,1
C01729,8,109.29,842.85,year,5,1
C01730,56,20.27,1051.78,two_year,5,1
C01731,65,49.88,3781.87,year,3,1
C01732,50,75.5,3538.33,two_year,2,1
C01733,62,53.41,2962.63,year,0,1
C01734,62,47.2,3405.51,month,7,1
C01735,57,66.0,4132.1,two_year,1,1
C01736,36,38.15,1473.27,month,6,1
C01737,8,72.96,478.51,year,4,1
C01738,1,90.67,77.29,year,5,1
C01739,15,77.53,1227.3,month,5,1
C01740,31,29.31,803.01,year,6,1
C01741,53,104.44,4927.85,month,0,1
C01742,33,37.5,1375.67,month,7,1
C01743,2,96.48,176.44,month,0,1
C01744,15,56.06,696.8,month,7,1
C01745,70,98.28,5603.93,month,2,1
C01746,71,40.63,2819.16,year,6,1
C01747,27,38.67,1093.01,year,0,1
C01748,58,69.7,4639.1,year,3,1
C01749,52,23.29,1022.54,year,4,1
C01750,67,42.53,2503.78,month,7,1
C01751,64,92.4,5984.09,month,0,1
C01752,45,103.74,4414.55,year,0,1
C01753,29,28.08,808.63,two_year,5,1
C01754,45,108.21,5695.55,month,0,1
C01755,23,99.75,2335.45,month,6,1
C01756,25,106.97,2583.45,year,0,1
C01757,44,89.84,4726.85,two_year,7,1
C01758,41,87.42,2960.87,month,4,1
C01759,42,72.51,3571.81,month,7,1
C01760,28,85.28,2389.43,month,1,1
C01761,30,111.91,3362.34,year,2,1
C01762,1,30.05,35.12,two_year,3,1
C01763,43,51.58,2224.44,year,0,1
C01764,41,27.25,1089.72,month,0,1
C01765,67,114.48,6972.14,year,2,1
C01766,36,64.53,2470.66,two_year,5,1
C01767,34,87.53,3058.93,year,5,1
C01768,5,104.11,461.07,two_year,0,1
C01769,14,119.1,1807.07,month,0,1
C01770,25,36.18,956.63,month,5,1
C01771,27,99.95,2587.83,year,2,1
C01772,26,108.74,2266.77,year,6,1
C01773,28,24.89,682.03,two_year,2,1
C01774,55,95.41,4210.76,year,2,1
C01775,10,55.47,460.4,month,1,1
C01776,24,84.86,1980.11,month,2,1
C01777,12,71.4,713.52,year,5,1
C01778,22,45.97,920.59,month,3,1
C01779,49,33.52,1744.64,year,5,1
C01780,4,31.69,117.06,month,0,1
C01781,25,30.33,909.19,month,4,1
C01782,2,83.78,195.46,year,3,1
C01783,68,55.14,3877.47,month,7,1
C01784,52,41.66,2570.94,year,3,1
C01785,18,89.19,1841.75,year,0,1
C01786,15,88.68,1233.84,year,5,1
C01787,8,73.92,650.4,year,1,1
C01788,34,113.5,3298.41,year,7,1
C01789,54,58.54,3394.52,two_year,3,1
C01790,42,103.59,4335.26,month,6,1
C01791,63,27.51,1398.17,month,5,1
C01792,25,93.98,2137.32,year,3,1
C01793,20,118.84,2809.74,year,4,1
C01794,34,104.66,3296.3,year,1,1
C01795,15,77.97,1020.53,year,0,1
C01796,70,82.68,5064.22,year,6,1
C01797,14,55.33,768.18,month,7,1
C01798,34,87.95,3400.15,year,6,1
C01799,38,97.04,4068.07,month,2,1
C01800,5,119.82,583.97,month,2,1
C01801,34,69.25,2080.18,year,2,1
C01802,33,26.13,705.72,year,5,1
C01803,19,79.59,1489.61,month,4,1
C01804,10,31.9,359.17,two_year,6,1
C01805,4,44.48,194.27,year,7,1
C01806,1,52.88,50.95,year,3,1
C01807,35,93.1,3381.94,two_year,5,1
C01808,7,38.38,261.81,month,4,1
C01809,69,36.58,2603.8,year,7,1
C01810,18,24.5,444.09,month,2,1
C01811,47,107.32,5409.16,month,1,1
C01812,48,89.35,4302.02,month,3,1
C01813,36,23.99,1015.85,month,4,1
C01814,63,22.83,1396.88,year,7,1
C01815,8,75.87,489.43,month,6,1
C01816,17,48.25,733.75,year,0,1
C01817,18,79.67,1434.41,month,4,1
C01818,10,63.46,644.9,month,1,1
C01819,21,112.33,2408.36,two_year,2,1
C01820,23,48.78,1218.23,year,7,1
C01821,55,87.91,4399.22,two_year,7,1
C01822,22,25.41,595.89,year,1,1
C01823,63,115.59,7876.49,month,1,1
C01824,55,118.08,6263.93,year,5,1
C01825,65,93.91,5865.28,year,3,1
C01826,8,66.52,463.81,month,3,1
C01827,70,42.0,2838.85,two_year,6,1
C01828,44,101.25,4966.11,year,7,1
C01829,70,93.64,7627.09,year,7,1
C01830,26,42.2,1138.28,year,6,1
C01831,68,65.12,4072.79,year,7,1
C01832,42,66.28,2986.74,month,5,1
C01833,6,102.64,675.0,two_year,7,1
C01834,30,88.38,2473.45,month,4,1
C01835,10,84.32,953.34,month,0,1
C01836,67,84.98,4722.77,month,6,1
C01837,22,47.05,832.53,year,7,1
C01838,16,57.17,776.77,two_year,2,1
C01839,40,24.57,847.57,two_year,3,1
C01840,31,98.69,3523.11,year,4,1
C01841,7,63.3,429.8,two_year,5,1
C01842,58,63.82,3368.32,year,5,1
C01843,61,44.54,2639.86,month,3,1
C01844,53,40.94,2078.55,year,6,1
C01845,44,78.78,3191.04,month,6,1
C01846,29,43.26,1072.83,month,7,1
C01847,39,26.42,1094.64,month,4,1
C01848,37,96.75,3059.4,month,0,1
C01849,12,57.65,768.02,two_year,6,1
C01850,6,58.02,306.58,two_year,0,1
C01851,18,63.13,1241.51,month,1,1
C01852,33,101.5,3758.92,year,2,1
C01853,12,52.08,531.3,month,1,1
C01854,8,95.8,639.71,month,5,1
C01855,61,113.95,8200.93,month,3,1
C01856,27,86.09,2290.07,month,1,1
C01857,42,63.17,2791.35,month,0,1
C01858,38,94.78,2914.82,month,1,1
C01859,53,65.79,3178.23,month,5,1
C01860,53,61.44,3263.35,month,6,1
C01861,22,72.53,1842.17,two_year,2,1
C01862,61,51.77,2869.26,month,0,1
C01863,27,30.43,912.05,month,4,1
C01864,60,61.49,3928.79,year,6,1
C01865,29,32.39,794.76,month,0,1
C01866,8,61.04,447.96,year,6,1
C01867,54,75.69,3658.69,month,1,1
C01868,3,113.07,331.41,year,2,1
C01869,55,23.62,1369.43,year,4,1
C01870,4,82.15,319.85,year,0,1
C01871,15,65.77,885.74,year,2,1
C01872,43,22.03,1021.51,month,1,1
C01873,67,44.95,3113.41,month,1,1
C01874,30,31.85,962.88,month,6,1
C01875,9,41.68,383.29,year,1,1
C01876,17,47.46,717.07,month,0,1
C01877,64,60.13,4126.06,month,1,1
C01878,52,72.9,3620.21,year,0,1
C01879,8,20.1,152.02,month,4,1
C01880,28,36.19,871.35,month,7,1
C01881,19,29.36,579.45,year,1,1
C01882,13,74.97,1014.63,month,5,1
C01883,61,52.91,3021.34,two_year,2,1
C01884,44,74.84,3766.95,two_year,0,1
C01885,13,42.18,624.11,two_year,5,1
C01886,47,22.42,888.96,month,1,1
C01887,30,114.14,3691.34,month,4,1
C01888,5,30.83,147.6,year,4,1
C01889,32,32.69,1255.18,year,4,1
C01890,14,34.65,431.74,year,1,1
C01891,18,118.13,1939.67,month,2,1
C01892,63,81.77,5032.21,month,5,1
C01893,51,81.03,3750.21,month,7,1
C01894,10,118.67,1277.84,month,0,1
C01895,61,28.84,1745.81,month,3,1
C01896,41,117.45,4277.81,two_year,7,1
C01897,63,40.4,2551.69,month,2,1
C01898,54,82.31,5135.96,year,3,1
C01899,25,62.01,1731.56,two_year,7,1
C01900,38,58.4,2218.16,month,7,1
C01901,38,113.12,3934.89,year,5,1
C01902,52,34.92,1583.33,year,5,1
C01903,18,119.71,2480.91,month,4,1
C01904,24,57.91,1506.68,year,2,1
C01905,18,84.88,1571.94,two_year,7,1
C01906,22,116.79,2959.34,year,0,1
C01907,12,25.76,262.34,two_year,0,1
C01908,3,112.29,361.46,two_year,4,1
C01909,67,76.78,4561.34,month,6,1
C01910,6,90.44,460.28,year,6,1
C01911,64,34.92,2204.14,year,5,1
C01912,1,73.34,70.04,year,3,1
C01913,56,87.35,5754.82,year,2,1
C01914,24,65.62,1464.0,year,3,1
C01915,37,35.5,1478.95,two_year,2,1
C01916,21,44.41,1025.43,month,3,1
C01917,35,105.44,3938.28,year,0,1
C01918,33,23.45,903.98,month,2,1
C01919,38,90.89,3326.62,year,7,1
C01920,28,119.94,3210.11,year,5,1
C01921,39,20.75,699.5,year,1,1
C01922,59,36.1,1938.86,month,2,1
C01923,31,87.41,3121.34,year,2,1
C01924,26,26.0,669.07,month,2,1
C01925,10,78.98,739.68,month,5,1
C01926,26,88.4,2037.4,month,7,1
C01927,9,78.81,705.02,two_year,5,1
C01928,13,56.52,798.44,month,3,1
C01929,68,89.73,5581.03,two_year,1,1
C01930,7,79.43,613.33,month,1,1
C01931,35,40.76,1500.66,year,6,1
C01932,60,76.31,5105.25,year,5,1
C01933,68,108.19,6623.9,year,4,1
C01934,11,86.68,1003.45,year,4,1
C01935,12,67.18,694.5,year,6,1
C01936,27,52.16,1331.59,two_year,6,1
C01937,40,28.59,1246.23,year,0,1
C01938,69,44.46,3229.31,month,3,1
C01939,15,21.12,277.25,month,0,1
C01940,12,118.66,1628.02,year,3,1
C01941,18,42.25,624.63,year,5,1
C01942,63,101.49,6637.39,year,1,1
C01943,3,36.86,131.98,year,1,1
C01944,27,48.36,1322.17,month,3,1
C01945,9,61.83,623.4,year,4,1
C01946,12,52.44,653.24,year,5,1
C01947,66,99.84,7335.6,year,0,1
C01948,1,115.77,122.98,year,1,1
C01949,23,107.53,2662.27,two_year,6,1
C01950,65,35.36,2048.16,year,5,1
C01951,44,97.67,4713.17,two_year,7,1
C01952,6,34.79,186.86,month,6,1
C01953,34,111.34,4513.36,year,6,1
C01954,69,71.79,4414.15,year,4,1
C01955,29,53.64,1391.72,year,7,1
C01956,38,35.7,1551.23,month,3,1
C01957,38,21.18,722.1,year,7,1
C01958,47,44.79,1988.0,month,3,1
C01959,14,111.4,1693.5,two_year,3,1
C01960,60,99.73,5167.01,month,5,1
C01961,71,116.98,7172.94,month,3,1
C01962,11,30.08,329.07,year,1,1
C01963,59,79.22,4194.8,month,7,1
C01964,59,45.72,2412.26,month,3,1
C01965,53,74.29,3164.45,year,7,1
C01966,27,52.05,1332.52,year,3,1
C01967,34,48.35,1524.39,month,7,1
C01968,60,77.38,3772.1,year,4,1
C01969,11,38.33,442.08,year,6,1
C01970,59,66.91,4147.69,year,6,1
C01971,66,85.08,4651.25,month,1,1
C01972,49,32.82,1490.49,month,6,1
C01973,25,113.06,3247.99,two_year,7,1
C01974,40,70.57,2915.58,year,5,1
C01975,4,101.95,393.44,month,7,1
C01976,67,85.39,5641.27,two_year,6,1
C01977,25,91.0,2009.53,month,5,1
C01978,5,91.61,515.19,year,3,1
C01979,57,107.51,7142.89,year,6,1
C01980,47,81.36,4452.06,two_year,1,1
C01981,45,47.82,1914.27,two_year,4,1
C01982,4,29.95,110.73,month,6,1
C01983,54,80.63,3762.96,year,7,1
C01984,46,26.64,1130.93,month,2,1
C01985,57,44.13,2347.18,year,0,1
C01986,59,26.07,1620.02,year,2,1
C01987,16,74.89,1049.49,month,6,1
C01988,15,36.03,631.12,month,4,1
C01989,66,81.04,4499.49,month,0,1
C01990,38,99.09,3022.7,month,0,1
C01991,32,102.19,3734.36,month,2,1
C01992,21,50.95,1157.16,two_year,2,1
C01993,46,74.9,3246.06,year,1,1
C01994,54,76.3,4277.59,year,3,1
C01995,1,67.29,59.85,two_year,3,1
C01996,40,85.51,2966.7,year,1,1
C01997,71,41.01,2878.11,month,1,1
C01998,20,117.92,2219.9,two_year,5,1
C01999,20,29.81,623.68,year,7,1
